--clear out all old data
DELETE FROM [Post];
DELETE FROM [FlaggedWord];
DELETE FROM [UserRelationship];
DELETE FROM [Therapist];
DELETE FROM [User];
DELETE FROM [UserType];
DELETE FROM [MoodType];

SET IDENTITY_INSERT [MoodType] OFF
SET IDENTITY_INSERT [UserType] OFF
SET IDENTITY_INSERT [User] OFF
SET IDENTITY_INSERT [Therapist] OFF
SET IDENTITY_INSERT [UserRelationship] OFF
SET IDENTITY_INSERT [FlaggedWord] OFF
SET IDENTITY_INSERT [Post] OFF

--create user types
SET IDENTITY_INSERT [UserType] ON
INSERT INTO [UserType] ([Id], [Name]) VALUES (0, 'Client'), (1, 'Counselor'), (2, 'Admin');
SET IDENTITY_INSERT [UserType] OFF

--create default mood types
SET IDENTITY_INSERT [MoodType] ON
INSERT INTO [MoodType] ([Id], [Name], [Image]) VALUES
(1, 'grinning face', '1F600'), (2, 'grinning face with big eyes', '1F603'),
(3, 'grinning face with smiling eyes', '1F604'), (4, 'beaming face with smiling eyes', '1F601'),
(5, 'grinning squinting face', '1F606'), (6, 'grinning face with sweat', '1F605'),
(7, 'rolling on the floor laughing', '1F923'), (8, 'face with tears of joy', '1F602'),
(9, 'slightly smiling face', '1F642'), (10, 'upside-down face', '1F643'),
(11, 'winking face', '1F609'), (12, 'smiling face with smiling eyes', '1F60A'),
(13, 'smiling face with hearts', '1F970'), (14, 'smiling face with heart-eyes', '1F60D'),
(15, 'star-struck', '1F929'), (16, 'face blowing a kiss', '1F618'),
(17, 'kissing face', '1F617'), (18, 'smiling face', '263A'),
(19, 'kissing face with closed eyes', '1F61A'), (20, 'kissing face with smiling eyes', '1F619'),
(21, 'smiling face with tear', '1F972'), (22, 'face savoring food', '1F60B'),
(23, 'face with tongue', '1F61B'), (24, 'winking face with tongue', '1F61C'),
(25, 'zany face', '1F92A'), (26, 'squinting face with tongue', '1F61D'),
(27, 'money-mouth face', '1F911'), (28, 'hugging face', '1F917'),
(29, 'face with hand over mouth', '1F92D'), (30, 'shushing face', '1F92B'),
(31, 'thinking face', '1F914'), (32, 'zipper-mouth face', '1F910'),
(33, 'face with raised eyebrow', '1F928'), (34, 'neutral face', '1F610'),
(35, 'expressionless face', '1F611'), (36, 'face without mouth', '1F636'),
(37, 'smirking face', '1F60F'), (38, 'unamused face', '1F612'),
(39, 'face with rolling eyes', '1F644'), (40, 'grimacing face', '1F62C'),
(41, 'lying face', '1F925'), (42, 'relieved face', '1F60C'),
(43, 'pensive face', '1F614'), (44, 'sleepy face', '1F62A'),
(45, 'drooling face', '1F924'), (46, 'sleeping face', '1F634'),
(47, 'face with medical mask', '1F637'), (48, 'face with thermometer', '1F912'),
(49, 'face with head-bandage', '1F915'), (50, 'nauseated face', '1F922'),
(51, 'sneezing face', '1F927'), (52, 'hot face', '1F975'),
(53, 'cold face', '1F976'), (54, 'woozy face', '1F974'),
(55, 'dizzy face', '1F635'), (56, 'exploding head', '1F92F'),
(57, 'partying face', '1F973'), (58, 'smiling face with sunglasses', '1F60E'),
(59, 'confused face', '1F615'), (60, 'worried face', '1F61F'),
(61, 'slightly frowning face', '1F641'), (62, 'frowning face', '2639'),
(63, 'face with open mouth', '1F62E'), (64, 'hushed face', '1F62F'),
(65, 'astonished face', '1F632'), (66, 'flushed face', '1F633'),
(67, 'pleading face', '1F97A'), (68, 'frowning face with open mouth', '1F626'),
(69, 'anguished face', '1F627'), (70, 'fearful face', '1F628'),
(71, 'anxious face with sweat', '1F630'), (72, 'sad but relieved face', '1F625'),
(73, 'crying face', '1F622'), (74, 'loudly crying face', '1F62D'),
(75, 'face screaming in fear', '1F631'), (76, 'confounded face', '1F616'),
(77, 'persevering face', '1F623'), (78, 'disappointed face', '1F61E'),
(79, 'downcast face with sweat', '1F613'), (80, 'weary face', '1F629'),
(81, 'tired face', '1F62B'), (82, 'yawning face', '1F971'),
(83, 'face with steam from nose', '1F624'), (84, 'pouting face', '1F621'),
(85, 'angry face', '1F620'), (86, 'grinning cat', '1F63A'),
(87, 'grinning cat with smiling eyes', '1F638'), (88, 'smiling cat with heart-eyes', '1F63B'),
(89, 'cat with wry smile', '1F63C'), (90, 'kissing cat', '1F63D'),
(91, 'weary cat', '1F640'), (92, 'crying cat', '1F63F'),
(93, 'pouting cat', '1F63E'), (94, 'broken heart', '1F494'),
(95, 'red heart', '2764');
SET IDENTITY_INSERT [MoodType] OFF

--add the avatars
SET IDENTITY_INSERT [Avatar] ON
INSERT INTO [Avatar] ([Id], [Image], [Name]) VALUES
    (1,'1F464','blank'),
    (2,'1F9D1','person'),
    (3,'1F9D1-1F3FB','person'),
    (4,'1F9D1-1F3FC','person'),
    (5,'1F9D1-1F3FD','person'),
    (6,'1F9D1-1F3FE','person'),
    (7,'1F9D1-1F3FF','person'),
    (8,'1F471','person: blond'),
    (9,'1F471-1F3FB','person: blond'),
    (10,'1F471-1F3FC','person: blond'),
    (11,'1F471-1F3FD','person: blond'),
    (12,'1F471-1F3FE','person: blond'),
    (13,'1F471-1F3FF','person: blond'),
    (14,'1F9D1-200D-1F9B0','person: red hair'),
    (15,'1F9D1-1F3FB-200D-1F9B0','person: red hair'),
    (16,'1F9D1-1F3FC-200D-1F9B0','person: red hair'),
    (17,'1F9D1-1F3FD-200D-1F9B0','person: red hair'),
    (18,'1F9D1-1F3FE-200D-1F9B0','person: red hair'),
    (19,'1F9D1-1F3FF-200D-1F9B0','person: red hair'),
    (20,'1F9D1-200D-1F9B3','person: white hair'),
    (21,'1F9D1-1F3FB-200D-1F9B3','person: white hair'),
    (22,'1F9D1-1F3FC-200D-1F9B3','person: white hair'),
    (23,'1F9D1-1F3FD-200D-1F9B3','person: white hair'),
    (24,'1F9D1-1F3FE-200D-1F9B3','person: white hair'),
    (25,'1F9D1-1F3FF-200D-1F9B3','person: white hair'),
    (26,'1F468-200D-1F9B2','person: bald'),
    (27,'1F468-1F3FB-200D-1F9B2','person: bald'),
    (28,'1F468-1F3FC-200D-1F9B2','person: bald'),
    (29,'1F468-1F3FD-200D-1F9B2','person: bald'),
    (30,'1F468-1F3FE-200D-1F9B2','person: bald'),
    (31,'1F468-1F3FF-200D-1F9B2','person: bald'),
    (32,'1F9D1-200D-1F9B1','person: curly hair'),
    (33,'1F9D1-1F3FB-200D-1F9B1','person: curly hair'),
    (34,'1F9D1-1F3FC-200D-1F9B1','person: curly hair'),
    (35,'1F9D1-1F3FD-200D-1F9B1','person: curly hair'),
    (36,'1F9D1-1F3FE-200D-1F9B1','person: curly hair'),
    (37,'1F9D1-1F3FF-200D-1F9B1','person: curly hair'),
    (38,'1F469-200D-1F9B1','woman: curly hair'),
    (39,'1F469-1F3FB-200D-1F9B1','woman: curly hair'),
    (40,'1F469-1F3FC-200D-1F9B1','woman: curly hair'),
    (41,'1F469-1F3FD-200D-1F9B1','woman: curly hair'),
    (42,'1F469-1F3FE-200D-1F9B1','woman: curly hair'),
    (43,'1F469-1F3FF-200D-1F9B1','woman: curly hair'),
    (44,'1F469','woman'),
    (45,'1F469-1F3FB','woman'),
    (46,'1F469-1F3FC','woman'),
    (47,'1F469-1F3FD','woman'),
    (48,'1F469-1F3FE','woman'),
    (49,'1F469-1F3FF','woman'),
    (50,'1F471-200D-2640-FE0F','woman: blond hair'),
    (51,'1F471-1F3FB-200D-2640-FE0F','woman: blond hair'),
    (52,'1F471-1F3FC-200D-2640-FE0F','woman: blond hair'),
    (53,'1F471-1F3FD-200D-2640-FE0F','woman: blond hair'),
    (54,'1F471-1F3FE-200D-2640-FE0F','woman: blond hair'),
    (55,'1F471-1F3FF-200D-2640-FE0F','woman: blond hair'),
    (56,'1F469-200D-1F9B0','woman: red hair'),
    (57,'1F469-1F3FB-200D-1F9B0','woman: red hair'),
    (58,'1F469-1F3FC-200D-1F9B0','woman: red hair'),
    (59,'1F469-1F3FD-200D-1F9B0','woman: red hair'),
    (60,'1F469-1F3FE-200D-1F9B0','woman: red hair'),
    (61,'1F469-1F3FF-200D-1F9B0','woman: red hair'),
    (62,'1F469-200D-1F9B3','woman: white hair'),
    (63,'1F469-1F3FB-200D-1F9B3','woman: white hair'),
    (64,'1F469-1F3FC-200D-1F9B3','woman: white hair'),
    (65,'1F469-1F3FD-200D-1F9B3','woman: white hair'),
    (66,'1F469-1F3FE-200D-1F9B3','woman: white hair'),
    (67,'1F469-1F3FF-200D-1F9B3','woman: white hair'),
    (68,'1F9D5','woman with headscarf'),
    (69,'1F9D5-1F3FB','woman with headscarf'),
    (70,'1F9D5-1F3FC','woman with headscarf'),
    (71,'1F9D5-1F3FD','woman with headscarf'),
    (72,'1F9D5-1F3FE','woman with headscarf'),
    (73,'1F9D5-1F3FF','woman with headscarf'),
    (74,'1F468','man'),
    (75,'1F468-1F3FB','man'),
    (76,'1F468-1F3FC','man'),
    (77,'1F468-1F3FD','man'),
    (78,'1F468-1F3FE','man'),
    (79,'1F468-1F3FF','man'),
    (80,'1F9D4','man: beard'),
    (81,'1F9D4-1F3FB','man: beard'),
    (82,'1F9D4-1F3FC','man: beard'),
    (83,'1F9D4-1F3FD','man: beard'),
    (84,'1F9D4-1F3FE','man: beard'),
    (85,'1F9D4-1F3FF','man: beard'),
    (86,'1F471-200D-2642-FE0F','man: blond hair'),
    (87,'1F471-1F3FB-200D-2642-FE0F','man: blond hair'),
    (88,'1F471-1F3FC-200D-2642-FE0F','man: blond hair'),
    (89,'1F471-1F3FD-200D-2642-FE0F','man: blond hair'),
    (90,'1F471-1F3FE-200D-2642-FE0F','man: blond hair'),
    (91,'1F471-1F3FF-200D-2642-FE0F','man: blond hair'),
    (92,'1F468-200D-1F9B0','man: red hair'),
    (93,'1F468-1F3FB-200D-1F9B0','man: red hair'),
    (94,'1F468-1F3FC-200D-1F9B0','man: red hair'),
    (95,'1F468-1F3FD-200D-1F9B0','man: red hair'),
    (96,'1F468-1F3FE-200D-1F9B0','man: red hair'),
    (97,'1F468-1F3FF-200D-1F9B0','man: red hair'),
    (98,'1F468-200D-1F9B3','man: white hair'),
    (99,'1F468-1F3FB-200D-1F9B3','man: white hair'),
    (100,'1F468-1F3FC-200D-1F9B3','man: white hair'),
    (101,'1F468-1F3FD-200D-1F9B3','man: white hair'),
    (102,'1F468-1F3FE-200D-1F9B3','man: white hair'),
    (103,'1F468-1F3FF-200D-1F9B3','man: white hair'),
    (104,'1F473','person wearing turban'),
    (105,'1F473-1F3FB','person wearing turban'),
    (106,'1F473-1F3FC','person wearing turban'),
    (107,'1F473-1F3FD','person wearing turban'),
    (108,'1F473-1F3FE','person wearing turban'),
    (109,'1F473-1F3FF','person wearing turban'),
    (110,'1F473-200D-2642-FE0F','man wearking turban'),
    (111,'1F473-1F3FB-200D-2642-FE0F','man wearking turban'),
    (112,'1F473-1F3FC-200D-2642-FE0F','man wearking turban'),
    (113,'1F473-1F3FD-200D-2642-FE0F','man wearking turban'),
    (114,'1F473-1F3FE-200D-2642-FE0F','man wearking turban'),
    (115,'1F473-1F3FF-200D-2642-FE0F','man wearking turban'),
    (116,'1F9D2','child'),
    (117,'1F9D2-1F3FB','child'),
    (118,'1F9D2-1F3FC','child'),
    (119,'1F9D2-1F3FD','child'),
    (120,'1F9D2-1F3FE','child'),
    (121,'1F9D2-1F3FF','child'),
    (122,'1F466','boy'),
    (123,'1F466-1F3FB','boy'),
    (124,'1F466-1F3FC','boy'),
    (125,'1F466-1F3FD','boy'),
    (126,'1F466-1F3FE','boy'),
    (127,'1F466-1F3FF','boy'),
    (128,'1F467','girl'),
    (129,'1F467-1F3FB','girl'),
    (130,'1F467-1F3FC','girl'),
    (131,'1F467-1F3FD','girl'),
    (132,'1F467-1F3FE','girl'),
    (133,'1F467-1F3FF','girl'),
    (134,'1F9D3','older person'),
    (135,'1F9D3-1F3FB','older person'),
    (136,'1F9D3-1F3FC','older person'),
    (137,'1F9D3-1F3FD','older person'),
    (138,'1F9D3-1F3FE','older person'),
    (139,'1F9D3-1F3FF','older person'),
    (140,'1F474','old man'),
    (141,'1F474-1F3FB','old man'),
    (142,'1F474-1F3FC','old man'),
    (143,'1F474-1F3FD','old man'),
    (144,'1F474-1F3FE','old man'),
    (145,'1F474-1F3FF','old man'),
    (146,'1F475','old woman'),
    (147,'1F475-1F3FB','old woman'),
    (148,'1F475-1F3FC','old woman'),
    (149,'1F475-1F3FD','old woman'),
    (150,'1F475-1F3FE','old woman'),
    (151,'1F475-1F3FF','old woman');
SET IDENTITY_INSERT [Avatar] OFF

--add the red flag words
SET IDENTITY_INSERT [FlaggedWord] ON
INSERT INTO [FlaggedWord] ([Id], [Word]) VALUES
(1, '11:11'), (2, '800 mg'), (3, '800mg'), (4, 'acetaminophen'), (5, 'antifreeze'), (6, 'bathtub'), (7, 'bridge'),
(8, 'cop'), (9, 'cut'), (10, 'die'), (11, 'disappear'), (12, 'electrocution'), (13, 'excedrin'), (14, 'harm'), (15, 'hopeless'),
(16, 'hurt'), (17, 'ibuprofen'), (18, 'ibuprofens'), (19, 'kill'), (20, 'kill myself'), (21, 'looney'), (22, 'midnight'), (23, 'nightstand'),
(24, 'vampire'), (25, 'noose'), (26, 'railroad'), (27, 'revolver'), (28, 'slice'), (29, 'suicide'), (30, 'tablets'),
(31, 'train'), (32, 'vampire'), (33, 'pill'), (34, 'knife');
SET IDENTITY_INSERT [FlaggedWord] OFF

/****************************
Everything below this comment is optional!
Use only if you want the seed user and post data
To use this seed data you will have to add the users to Google Firebase authentication
and then replace FirebaseUserId for each user with your own
****************************/

--create some therapists
SET IDENTITY_INSERT [User] ON
insert into [User] (Id, FirebaseUserId, FirstName, LastName, NickName, Birthday, Email, AvatarId, FavColor, CreateDate, UserTypeId) values (1, 'Iw5dfUJIePTEkG1NSJTiq7xZOTZ2', 'Gannie', 'Dench', 'Ms. G', '1/12/1983', 'gdench0@reverbnation.com', 60, '54e1b4', '5/16/2020', 1);
insert into [User] (Id, FirebaseUserId, FirstName, LastName, NickName, Birthday, Email, AvatarId, FavColor, CreateDate, UserTypeId) values (2, 'SxXtxEeErTeKg3mdvRRcIOoaLfc2', 'Mason', 'Peers', 'Mason', '6/29/1984', 'mpeers1@nymag.com', 45, 'ccfe23', '4/3/2020', 1);
insert into [User] (Id, FirebaseUserId, FirstName, LastName, NickName, Birthday, Email, AvatarId, FavColor, CreateDate, UserTypeId) values (3, 'LvHD53I7GmMWaOxRVsqEohbSaWD2', 'Cecile', 'Severns', 'Cecile', '7/17/1967', 'cseverns2@arizona.edu', 37, 'ff5107', '3/3/2020', 1);
insert into [User] (Id, FirebaseUserId, FirstName, LastName, NickName, Birthday, Email, AvatarId, FavColor, CreateDate, UserTypeId) values (4, 'nWjgc5DEITaBhmph9SD4Mrc4uj12', 'Clyve', 'Mathie', 'Mr. C', '10/18/1993', 'cmathie3@bbc.co.uk', 26, 'ccc7cd', '1/16/2020', 1);
insert into [User] (Id, FirebaseUserId, FirstName, LastName, NickName, Birthday, Email, AvatarId, FavColor, CreateDate, UserTypeId) values (5, 'Yh2hUMZtalWH8HYVVh2FttfsBVZ2', 'Bond', 'Copnar', 'Mr. Bond', '2/27/1971', 'bcopnar4@wufoo.com', 107, 'd444fa', '7/1/2019', 1);

--create some users
insert into [User] (Id, FirebaseUserId, FirstName, LastName, NickName, Birthday, Email, AvatarId, FavColor, CreateDate, UserTypeId) values (6, '04CwcboEqVZAHGFzOF4y18UKqSf1', 'Eolanda', 'Stanmer', 'Eolanda', '4/4/1968', 'estanmer0@walmart.com', 42, '9666aa', '2/18/2019', 0);
insert into [User] (Id, FirebaseUserId, FirstName, LastName, NickName, Birthday, Email, AvatarId, FavColor, CreateDate, UserTypeId) values (7, '681mTpnwAEQJArsUyiDxdmHEEY92', 'Wyatan', 'Spindler', 'Wyatan', '7/22/1965', 'wspindler1@livejournal.com', 2, 'f69dea', '8/20/2019', 0);
insert into [User] (Id, FirebaseUserId, FirstName, LastName, NickName, Birthday, Email, AvatarId, FavColor, CreateDate, UserTypeId) values (8, 'Ag5UcQDtNURNm3ga4HQLO92NIvU2', 'Allene', 'Flamank', 'Allene', '11/4/2003', 'aflamank2@etsy.com', 52, 'b2960a', '4/23/2020', 0);
insert into [User] (Id, FirebaseUserId, FirstName, LastName, NickName, Birthday, Email, AvatarId, FavColor, CreateDate, UserTypeId) values (9, 'AoLs62xwhqVLOijqtGsMb85peah2', 'Alysia', 'Caistor', 'Alysia', '12/2/1991', 'acaistor3@mail.ru', 70, '9ff0db', '1/13/2020', 0);
insert into [User] (Id, FirebaseUserId, FirstName, LastName, NickName, Birthday, Email, AvatarId, FavColor, CreateDate, UserTypeId) values (10, '1RiAr3rVYCUXecZicGJUKU8TXGg1', 'Vivianna', 'Jenking', 'Vivianna', '10/13/1972', 'vjenking4@independent.co.uk', 62, 'ff8e5f', '1/16/2020', 0);
insert into [User] (Id, FirebaseUserId, FirstName, LastName, NickName, Birthday, Email, AvatarId, FavColor, CreateDate, UserTypeId) values (11, 'EZRJdLjQaTXbGbWOrgZicoXRH3r2', 'Edwin', 'Zack', 'Edwin', '8/21/1956', 'ezack5@nbcnews.com', 141, '939e4b', '1/16/2020', 0);
insert into [User] (Id, FirebaseUserId, FirstName, LastName, NickName, Birthday, Email, AvatarId, FavColor, CreateDate, UserTypeId) values (12, 'UfNbJo5PCxZJcbWHi2cpjjFGUyh2', 'Ethel', 'Friel', 'Ethel', '6/14/1959', 'efriel6@statcounter.com', 149, '990821', '9/22/2019', 0);
insert into [User] (Id, FirebaseUserId, FirstName, LastName, NickName, Birthday, Email, AvatarId, FavColor, CreateDate, UserTypeId) values (13, '9YhEmG9minWZMnDaf3gBrUXdYat2', 'Bax', 'Licence', 'Bax', '12/17/1950', 'blicence7@yelp.com', 139, '4b1646', '3/18/2020', 0);
insert into [User] (Id, FirebaseUserId, FirstName, LastName, NickName, Birthday, Email, AvatarId, FavColor, CreateDate, UserTypeId) values (14, '32FYWFtBfMewmpSQikCSaJB5NQz1', 'Berny', 'Pawels', 'Berny', '9/10/1965', 'bpawels8@spiegel.de', 100, '87160e', '12/5/2019', 0);
insert into [User] (Id, FirebaseUserId, FirstName, LastName, NickName, Birthday, Email, AvatarId, FavColor, CreateDate, UserTypeId) values (15, 'YK3kSDctsnYGNC2Rpi5bdV96Rd73', 'Jody', 'Ebbutt', 'Jody', '5/3/1993', 'jebbutt9@oakley.com', 52, 'ca86ed', '8/1/2019', 0);
insert into [User] (Id, FirebaseUserId, FirstName, LastName, NickName, Birthday, Email, AvatarId, FavColor, CreateDate, UserTypeId) values (16, 'fw8EAjZc74ZqAqHrvGOLUj846Pm2', 'Jarrett', 'Yallowley', 'Jarrett', '6/6/1980', 'jyallowleya@webnode.com', 81, '138d68', '6/22/2020', 0);
insert into [User] (Id, FirebaseUserId, FirstName, LastName, NickName, Birthday, Email, AvatarId, FavColor, CreateDate, UserTypeId) values (17, '377HlPNbH0Q7dv5IabrKMpMCVr63', 'Kristel', 'Castenda', 'Kristel', '7/20/1985', 'kcastendab@salon.com', 38, '2242a3', '10/8/2019', 0);
insert into [User] (Id, FirebaseUserId, FirstName, LastName, NickName, Birthday, Email, AvatarId, FavColor, CreateDate, UserTypeId) values (18, 'zU1GyzNebHWNF2EQVQyefoB2IHl2', 'Gifford', 'Tomik', 'Gifford', '4/17/1958', 'gtomikc@toplist.cz', 85, 'c5b707', '5/24/2020', 0);
insert into [User] (Id, FirebaseUserId, FirstName, LastName, NickName, Birthday, Email, AvatarId, FavColor, CreateDate, UserTypeId) values (19, 'dXmigZCJ8iboFnGLpxpFqSSA2K82', 'Verney', 'Malimoe', 'Verney', '2/10/1985', 'vmalimoed@homestead.com', 92, 'fc8ddb', '1/25/2020', 0);
insert into [User] (Id, FirebaseUserId, FirstName, LastName, NickName, Birthday, Email, AvatarId, FavColor, CreateDate, UserTypeId) values (20, 'c8UuUiK2xzTDsApXIbWrv4VUlIX2', 'Hiram', 'Dencs', 'Hiram', '6/3/2007', 'hdencse@amazonaws.com', 124, 'c36efd', '8/7/2019', 0);
insert into [User] (Id, FirebaseUserId, FirstName, LastName, NickName, Birthday, Email, AvatarId, FavColor, CreateDate, UserTypeId) values (21, 'OrjxyaLbyuVpEIbfgQSchnOQQ2B3', 'Kayla', 'Polson', 'Kayla', '3/24/1967', 'kpolsonf@cocolog-nifty.com', 39, '37424f', '10/15/2019', 0);
insert into [User] (Id, FirebaseUserId, FirstName, LastName, NickName, Birthday, Email, AvatarId, FavColor, CreateDate, UserTypeId) values (22, 'm7paTH8jzkOsWP1PfkleKOAgGq43', 'Thorny', 'Delicate', 'Thorny', '6/25/2008', 'tdelicateg@whitehouse.gov', 131, '8d73f6', '2/8/2020', 0);
insert into [User] (Id, FirebaseUserId, FirstName, LastName, NickName, Birthday, Email, AvatarId, FavColor, CreateDate, UserTypeId) values (23, 'yYdYCMSQrUUOgBtzZdFtKmKnT4i1', 'Leon', 'Gytesham', 'Leon', '4/10/1958', 'lgyteshamh@github.io', 144, 'bdddfb', '5/20/2019', 0);
insert into [User] (Id, FirebaseUserId, FirstName, LastName, NickName, Birthday, Email, AvatarId, FavColor, CreateDate, UserTypeId) values (24, 'aG8c9KNLAYSVZWQfPOiuzUVxwLm1', 'Clair', 'Prophet', 'Clair', '12/4/2001', 'cpropheti@google.ru', 33, '7c64aa', '11/3/2019', 0);
insert into [User] (Id, FirebaseUserId, FirstName, LastName, NickName, Birthday, Email, AvatarId, FavColor, CreateDate, UserTypeId) values (25, 'g41uItTvjZaGiK4LP2lDMF7Tf2k2', 'Maxie', 'Feehely', 'Maxie', '11/5/2007', 'mfeehelyj@toplist.cz', 16, '1eac49', '5/29/2020', 0);

--create an admin user
insert into [User] (Id, FirebaseUserId, FirstName, LastName, NickName, Birthday, Email, AvatarId, FavColor, CreateDate, UserTypeId) values (26, 'L64BuFvU9bccDMAM0aHCwvDTzJo1', 'Heidi', 'Sprouse', 'Heidi', '06/28/1991', 'heidi@heidi.com', 45, 'd3b4d8', '5/29/2020', 2);

SET IDENTITY_INSERT [User] OFF

--set up the therapist's info
SET IDENTITY_INSERT [Therapist] ON
insert into therapist (Id, UserId, Verified, Company, Code) values (1, 1, 1, 'Middle Tennessee State University', '31fXrTC5TnV');
insert into therapist (Id, UserId, Verified, Company, Code) values (2, 2, 1, 'Skiles-Waelchi', 'YVEHpX');
insert into therapist (Id, UserId, Verified, Company, Code) values (3, 3, 1, 'O''Hara, Schultz and Hermiston', 'ld35eif');
insert into therapist (Id, UserId, Verified, Company, Code) values (4, 4, 1, 'Vanderbilt University', 'xNq2QgY4u');
insert into therapist (Id, UserId, Verified, Company, Code) values (5, 5, 1, 'Rath, Sauer and Grant', 'zHITyF5qeTXN');
SET IDENTITY_INSERT [Therapist] OFF

--create the client/therapist relationships
SET IDENTITY_INSERT [UserRelationship] ON
insert into userRelationship (Id, TherapistId, UserId, StartDate, EndDate) values (1, 1, 6, '2020-05-21T12:59:44Z', null);
insert into userRelationship (Id, TherapistId, UserId, StartDate, EndDate) values (2, 2, 7, '2020-05-01T10:45:03Z', null);
insert into userRelationship (Id, TherapistId, UserId, StartDate, EndDate) values (3, 3, 8, '2020-05-20T06:09:33Z', null);
insert into userRelationship (Id, TherapistId, UserId, StartDate, EndDate) values (4, 4, 9, '2020-05-26T09:33:10Z', null);
insert into userRelationship (Id, TherapistId, UserId, StartDate, EndDate) values (5, 5, 10, '2020-05-11T09:20:11Z', null);
insert into userRelationship (Id, TherapistId, UserId, StartDate, EndDate) values (6, 1, 11, '2020-05-22T17:56:46Z', null);
insert into userRelationship (Id, TherapistId, UserId, StartDate, EndDate) values (7, 2, 12, '2020-05-22T21:59:28Z', null);
insert into userRelationship (Id, TherapistId, UserId, StartDate, EndDate) values (8, 3, 13, '2020-05-07T08:46:03Z', null);
insert into userRelationship (Id, TherapistId, UserId, StartDate, EndDate) values (9, 4, 14, '2020-05-13T22:15:40Z', null);
insert into userRelationship (Id, TherapistId, UserId, StartDate, EndDate) values (10, 5, 15, '2020-05-15T00:54:10Z', null);
insert into userRelationship (Id, TherapistId, UserId, StartDate, EndDate) values (11, 1, 16, '2020-05-23T04:36:27Z', null);
insert into userRelationship (Id, TherapistId, UserId, StartDate, EndDate) values (12, 2, 17, '2020-05-24T15:06:43Z', null);
insert into userRelationship (Id, TherapistId, UserId, StartDate, EndDate) values (13, 3, 18, '2020-05-27T21:03:59Z', null);
insert into userRelationship (Id, TherapistId, UserId, StartDate, EndDate) values (14, 4, 19, '2020-05-12T16:06:09Z', null);
insert into userRelationship (Id, TherapistId, UserId, StartDate, EndDate) values (15, 5, 20, '2020-05-07T12:58:42Z', null);
insert into userRelationship (Id, TherapistId, UserId, StartDate, EndDate) values (16, 1, 21, '2020-05-09T10:55:27Z', null);
insert into userRelationship (Id, TherapistId, UserId, StartDate, EndDate) values (17, 2, 22, '2020-05-20T11:57:14Z', null);
insert into userRelationship (Id, TherapistId, UserId, StartDate, EndDate) values (18, 3, 23, '2020-05-02T15:33:00Z', null);
insert into userRelationship (Id, TherapistId, UserId, StartDate, EndDate) values (19, 4, 24, '2020-05-01T14:24:05Z', null);
insert into userRelationship (Id, TherapistId, UserId, StartDate, EndDate) values (20, 5, 25, '2020-05-25T03:48:53Z', null);
SET IDENTITY_INSERT [UserRelationship] OFF

--create some posts and therapist comments
SET IDENTITY_INSERT [Post] ON
insert into post (Id, UserId, CreateDate, MoodId, Content, EditTime, Flagged, TherapistId, ViewTime, Comment, Deleted) values (1, 6, '2020-07-16T19:18:30Z', 44, 'Donec quis orci eget orci vehicula condimentum. Curabitur in libero ut massa volutpat convallis. Morbi odio odio, elementum eu, interdum eu, tincidunt in, leo. Maecenas pulvinar lobortis est. Phasellus sit amet erat. Nulla tempus. Vivamus in felis eu sapien cursus vestibulum. Proin eu mi. Nulla ac enim.', null, 0, null, null, null, 0);
insert into post (Id, UserId, CreateDate, MoodId, Content, EditTime, Flagged, TherapistId, ViewTime, Comment, Deleted) values (2, 6, '2020-07-17T10:17:11Z', 72, 'Morbi vestibulum, velit Id pretium iaculis, diam erat fermentum justo, nec condimentum neque sapien placerat ante. Nulla justo. Aliquam quis turpis eget elit sodales scelerisque. Mauris sit amet eros. Suspendisse accumsan tortor quis turpis. Sed ante. Vivamus tortor. Duis mattis egestas metus.', '2020-07-17T10:17:11Z', 0, null, null, null, 0);
insert into post (Id, UserId, CreateDate, MoodId, Content, EditTime, Flagged, TherapistId, ViewTime, Comment, Deleted) values (3, 6, '2020-06-18T05:53:30Z', 78, 'In hac habitasse platea dictumst. Morbi vestibulum, velit Id pretium iaculis, diam erat fermentum justo, nec condimentum neque sapien placerat ante. Nulla justo. Aliquam quis turpis eget elit sodales scelerisque. Mauris sit amet eros. Suspendisse accumsan tortor quis turpis. Sed ante. Vivamus tortor. Duis mattis egestas metus.', null, 0, 1, '2020-06-18T05:53:30Z', 'In tempor, turpis nec euismod scelerisque, quam turpis adipiscing lorem, vitae mattis nibh ligula nec sem. Duis aliquam convallis nunc. Proin at turpis a pede posuere nonummy. Integer non velit. Donec diam neque, vestibulum eget, vulputate ut, ultrices vel, augue.', 0);
insert into post (Id, UserId, CreateDate, MoodId, Content, EditTime, Flagged, TherapistId, ViewTime, Comment, Deleted) values (4, 6, '2020-06-28T07:35:23Z', 30, 'Praesent lectus. Vestibulum quam sapien, varius ut, blandit non, interdum in, ante. Vestibulum ante ipsum primis in faucibus orci luctus et ultrices posuere cubilia Curae; Duis faucibus accumsan odio. Curabitur convallis. Duis consequat dui nec nisi volutpat eleifend. Donec ut dolor. Morbi vel lectus in quam fringilla rhoncus. Mauris enim leo, rhoncus sed, vestibulum sit amet, cursus Id, turpis. Integer aliquet, massa Id lobortis convallis, tortor risus dapibus augue, vel accumsan tellus nisi eu orci. Mauris lacinia sapien quis libero. Nullam sit amet turpis elementum ligula vehicula consequat. Morbi a ipsum. Integer a nibh.', null, 0, null, null, null, 0);
insert into post (Id, UserId, CreateDate, MoodId, Content, EditTime, Flagged, TherapistId, ViewTime, Comment, Deleted) values (5, 6, '2020-07-11T05:49:29Z', 21, 'Morbi sem mauris, laoreet ut, rhoncus aliquet, pulvinar sed, nisl. Nunc rhoncus dui vel sem. Sed sagittis. Nam congue, risus semper porta volutpat, quam pede lobortis ligula, sit amet eleifend pede libero quis orci. Nullam molestie nibh in lectus. Pellentesque at nulla. Suspendisse potenti. Cras in purus eu magna vulputate luctus. Cum sociis natoque penatibus et magnis dis parturient montes, nascetur ridiculus mus. Vivamus vestibulum sagittis sapien. Cum sociis natoque penatibus et magnis dis parturient montes, nascetur ridiculus mus. Etiam vel augue.', null, 0, 1, '2020-07-11T05:49:29Z', 'Aliquam quis turpis eget elit sodales scelerisque. Mauris sit amet eros.', 0);
insert into post (Id, UserId, CreateDate, MoodId, Content, EditTime, Flagged, TherapistId, ViewTime, Comment, Deleted) values (6, 6, '2020-07-07T19:23:47Z', 47, 'Pellentesque at nulla. Suspendisse potenti. Cras in purus eu magna vulputate luctus. Cum sociis natoque penatibus et magnis dis parturient montes, nascetur ridiculus mus. Vivamus vestibulum sagittis sapien. Cum sociis natoque penatibus et magnis dis parturient montes, nascetur ridiculus mus. Etiam vel augue. Vestibulum rutrum rutrum neque. Aenean auctor gravida sem. Praesent Id massa Id nisl venenatis lacinia. Aenean sit amet justo.', null, 0, 1, '2020-07-07T19:23:47Z', 'Nullam porttitor lacus at turpis. Donec posuere metus vitae ipsum.', 0);
insert into post (Id, UserId, CreateDate, MoodId, Content, EditTime, Flagged, TherapistId, ViewTime, Comment, Deleted) values (7, 6, '2020-06-27T06:31:44Z', 19, 'Morbi porttitor lorem Id ligula. Suspendisse ornare consequat lectus. In est risus, auctor sed, tristique in, tempus sit amet, sem. Fusce consequat. Nulla nisl. Nunc nisl. Duis bibendum, felis sed interdum venenatis, turpis enim blandit mi, in porttitor pede justo eu massa. Donec dapibus. Duis at velit eu est congue elementum. In hac habitasse platea dictumst. Morbi vestibulum, velit Id pretium iaculis, diam erat fermentum justo, nec condimentum neque sapien placerat ante. Nulla justo. Aliquam quis turpis eget elit sodales scelerisque. Mauris sit amet eros. Suspendisse accumsan tortor quis turpis. Sed ante. Vivamus tortor. Duis mattis egestas metus. Aenean fermentum. Donec ut mauris eget massa tempor convallis. Nulla neque libero, convallis eget, eleifend luctus, ultricies eu, nibh. Quisque Id justo sit amet sapien dignissim vestibulum.', null, 0, null, null, null, 0);
insert into post (Id, UserId, CreateDate, MoodId, Content, EditTime, Flagged, TherapistId, ViewTime, Comment, Deleted) values (8, 6, '2020-06-11T16:03:55Z', 83, 'Phasellus Id sapien in sapien iaculis congue. Vivamus metus arcu, adipiscing molestie, hendrerit at, vulputate vitae, nisl. Aenean lectus. Pellentesque eget nunc. Donec quis orci eget orci vehicula condimentum. Curabitur in libero ut massa volutpat convallis. Morbi odio odio, elementum eu, interdum eu, tincidunt in, leo. Maecenas pulvinar lobortis est. Phasellus sit amet erat. Nulla tempus. Vivamus in felis eu sapien cursus vestibulum. Proin eu mi. Nulla ac enim. In tempor, turpis nec euismod scelerisque, quam turpis adipiscing lorem, vitae mattis nibh ligula nec sem. Duis aliquam convallis nunc. Proin at turpis a pede posuere nonummy. Integer non velit. Donec diam neque, vestibulum eget, vulputate ut, ultrices vel, augue.', null, 0, 1, '2020-06-11T16:03:55Z', 'Morbi non lectus. Aliquam sit amet diam in magna bibendum imperdiet. Nullam orci pede, venenatis non, sodales sed, tincidunt eu, felis. Fusce posuere felis sed lacus.', 0);
insert into post (Id, UserId, CreateDate, MoodId, Content, EditTime, Flagged, TherapistId, ViewTime, Comment, Deleted) values (9, 6, '2020-07-03T20:22:29Z', 17, 'Nulla tellus. In sagittis dui vel nisl. Duis ac nibh. Fusce lacus purus, aliquet at, feugiat non, pretium quis, lectus. Suspendisse potenti. In eleifend quam a odio. In hac habitasse platea dictumst. Maecenas ut massa quis augue luctus tincidunt. Nulla mollis molestie lorem. Quisque ut erat. Curabitur gravida nisi at nibh. In hac habitasse platea dictumst. Aliquam augue quam, sollicitudin vitae, consectetuer eget, rutrum at, lorem. Integer tincidunt ante vel ipsum. Praesent blandit lacinia erat. Vestibulum sed magna at nunc commodo placerat.', null, 0, null, null, null, 0);
insert into post (Id, UserId, CreateDate, MoodId, Content, EditTime, Flagged, TherapistId, ViewTime, Comment, Deleted) values (10, 6, '2020-06-06T14:32:15Z', 4, 'Cras pellentesque volutpat dui. Maecenas tristique, est et tempus semper, est quam pharetra magna, ac consequat metus sapien ut nunc. Vestibulum ante ipsum primis in faucibus orci luctus et ultrices posuere cubilia Curae; Mauris viverra diam vitae quam. Suspendisse potenti. Nullam porttitor lacus at turpis. Donec posuere metus vitae ipsum. Aliquam non mauris. Morbi non lectus. Aliquam sit amet diam in magna bibendum imperdiet. Nullam orci pede, venenatis non, sodales sed, tincidunt eu, felis. Fusce posuere felis sed lacus. Morbi sem mauris, laoreet ut, rhoncus aliquet, pulvinar sed, nisl. Nunc rhoncus dui vel sem. Sed sagittis. Nam congue, risus semper porta volutpat, quam pede lobortis ligula, sit amet eleifend pede libero quis orci. Nullam molestie nibh in lectus. Pellentesque at nulla. Suspendisse potenti. Cras in purus eu magna vulputate luctus. Cum sociis natoque penatibus et magnis dis parturient montes, nascetur ridiculus mus.', null, 0, 1, '2020-06-06T14:32:15Z', 'In quis justo. Maecenas rhoncus aliquam lacus. Morbi quis tortor Id nulla ultrices aliquet.', 0);
insert into post (Id, UserId, CreateDate, MoodId, Content, EditTime, Flagged, TherapistId, ViewTime, Comment, Deleted) values (11, 7, '2020-06-22T16:15:48Z', 12, 'Curabitur in libero ut massa volutpat convallis. Morbi odio odio, elementum eu, interdum eu, tincidunt in, leo. Maecenas pulvinar lobortis est. Phasellus sit amet erat. Nulla tempus. Vivamus in felis eu sapien cursus vestibulum. Proin eu mi. Nulla ac enim. In tempor, turpis nec euismod scelerisque, quam turpis adipiscing lorem, vitae mattis nibh ligula nec sem. Duis aliquam convallis nunc. Proin at turpis a pede posuere nonummy. Integer non velit. Donec diam neque, vestibulum eget, vulputate ut, ultrices vel, augue.', null, 0, null, null, null, 0);
insert into post (Id, UserId, CreateDate, MoodId, Content, EditTime, Flagged, TherapistId, ViewTime, Comment, Deleted) values (12, 7, '2020-06-20T05:00:25Z', 17, 'Donec semper sapien a libero. Nam dui. Proin leo odio, porttitor Id, consequat in, consequat ut, nulla. Sed accumsan felis. Ut at dolor quis odio consequat varius. Integer ac leo. Pellentesque ultrices mattis odio. Donec vitae nisi. Nam ultrices, libero non mattis pulvinar, nulla pede ullamcorper augue, a suscipit nulla elit ac nulla. Sed vel enim sit amet nunc viverra dapibus.', null, 0, 2, '2020-06-20T05:00:25Z', 'Quisque porta volutpat erat. Quisque erat eros, viverra eget, congue eget, semper rutrum, nulla. Nunc purus.', 0);
insert into post (Id, UserId, CreateDate, MoodId, Content, EditTime, Flagged, TherapistId, ViewTime, Comment, Deleted) values (13, 7, '2020-06-27T08:47:13Z', 24, 'Duis consequat dui nec nisi volutpat eleifend. Donec ut dolor. Morbi vel lectus in quam fringilla rhoncus. Mauris enim leo, rhoncus sed, vestibulum sit amet, cursus Id, turpis. Integer aliquet, massa Id lobortis convallis, tortor risus dapibus augue, vel accumsan tellus nisi eu orci. Mauris lacinia sapien quis libero. Nullam sit amet turpis elementum ligula vehicula consequat. Morbi a ipsum. Integer a nibh. In quis justo. Maecenas rhoncus aliquam lacus. Morbi quis tortor Id nulla ultrices aliquet. Maecenas leo odio, condimentum Id, luctus nec, molestie sed, justo. Pellentesque viverra pede ac diam. Cras pellentesque volutpat dui. Maecenas tristique, est et tempus semper, est quam pharetra magna, ac consequat metus sapien ut nunc. Vestibulum ante ipsum primis in faucibus orci luctus et ultrices posuere cubilia Curae; Mauris viverra diam vitae quam. Suspendisse potenti. Nullam porttitor lacus at turpis. Donec posuere metus vitae ipsum. Aliquam non mauris.', '2020-06-27T08:47:13Z', 0, null, null, null, 0);
insert into post (Id, UserId, CreateDate, MoodId, Content, EditTime, Flagged, TherapistId, ViewTime, Comment, Deleted) values (14, 7, '2020-07-15T13:16:32Z', 93, 'Aenean lectus. Pellentesque eget nunc. Donec quis orci eget orci vehicula condimentum. Curabitur in libero ut massa volutpat convallis. Morbi odio odio, elementum eu, interdum eu, tincidunt in, leo. Maecenas pulvinar lobortis est. Phasellus sit amet erat. Nulla tempus. Vivamus in felis eu sapien cursus vestibulum. Proin eu mi. Nulla ac enim. In tempor, turpis nec euismod scelerisque, quam turpis adipiscing lorem, vitae mattis nibh ligula nec sem. Duis aliquam convallis nunc.', null, 0, 2, '2020-07-15T13:16:32Z', 'Sed sagittis. Nam congue, risus semper porta volutpat, quam pede lobortis ligula, sit amet eleifend pede libero quis orci. Nullam molestie nibh in lectus. Pellentesque at nulla.', 0);
insert into post (Id, UserId, CreateDate, MoodId, Content, EditTime, Flagged, TherapistId, ViewTime, Comment, Deleted) values (15, 7, '2020-07-14T04:14:20Z', 68, 'Aenean sit amet justo. Morbi ut odio. Cras mi pede, malesuada in, imperdiet et, commodo vulputate, justo. In blandit ultrices enim. Lorem ipsum dolor sit amet, consectetuer adipiscing elit. Proin interdum mauris non ligula pellentesque ultrices. Phasellus Id sapien in sapien iaculis congue. Vivamus metus arcu, adipiscing molestie, hendrerit at, vulputate vitae, nisl.', null, 0, 2, '2020-07-14T04:14:20Z', 'In hac habitasse platea dictumst.', 0);
insert into post (Id, UserId, CreateDate, MoodId, Content, EditTime, Flagged, TherapistId, ViewTime, Comment, Deleted) values (16, 7, '2020-06-05T02:21:57Z', 26, 'Quisque erat eros, viverra eget, congue eget, semper rutrum, nulla. Nunc purus. Phasellus in felis. Donec semper sapien a libero. Nam dui. Proin leo odio, porttitor Id, consequat in, consequat ut, nulla. Sed accumsan felis. Ut at dolor quis odio consequat varius. Integer ac leo. Pellentesque ultrices mattis odio. Donec vitae nisi. Nam ultrices, libero non mattis pulvinar, nulla pede ullamcorper augue, a suscipit nulla elit ac nulla. Sed vel enim sit amet nunc viverra dapibus.', null, 0, 2, '2020-06-05T02:21:57Z', 'Integer aliquet, massa Id lobortis convallis, tortor risus dapibus augue, vel accumsan tellus nisi eu orci. Mauris lacinia sapien quis libero.', 0);
insert into post (Id, UserId, CreateDate, MoodId, Content, EditTime, Flagged, TherapistId, ViewTime, Comment, Deleted) values (17, 7, '2020-06-25T16:40:35Z', 24, 'Integer a nibh. In quis justo. Maecenas rhoncus aliquam lacus. Morbi quis tortor Id nulla ultrices aliquet. Maecenas leo odio, condimentum Id, luctus nec, molestie sed, justo. Pellentesque viverra pede ac diam. Cras pellentesque volutpat dui. Maecenas tristique, est et tempus semper, est quam pharetra magna, ac consequat metus sapien ut nunc. Vestibulum ante ipsum primis in faucibus orci luctus et ultrices posuere cubilia Curae; Mauris viverra diam vitae quam. Suspendisse potenti. Nullam porttitor lacus at turpis. Donec posuere metus vitae ipsum. Aliquam non mauris.', null, 0, null, null, null, 0);
insert into post (Id, UserId, CreateDate, MoodId, Content, EditTime, Flagged, TherapistId, ViewTime, Comment, Deleted) values (18, 7, '2020-06-21T01:28:00Z', 70, 'Duis at velit eu est congue elementum. In hac habitasse platea dictumst. Morbi vestibulum, velit Id pretium iaculis, diam erat fermentum justo, nec condimentum neque sapien placerat ante. Nulla justo. Aliquam quis turpis eget elit sodales scelerisque. Mauris sit amet eros. Suspendisse accumsan tortor quis turpis. Sed ante. Vivamus tortor. Duis mattis egestas metus. Aenean fermentum. Donec ut mauris eget massa tempor convallis. Nulla neque libero, convallis eget, eleifend luctus, ultricies eu, nibh. Quisque Id justo sit amet sapien dignissim vestibulum. Vestibulum ante ipsum primis in faucibus orci luctus et ultrices posuere cubilia Curae; Nulla dapibus dolor vel est.', '2020-06-21T01:28:00Z', 0, null, null, null, 0);
insert into post (Id, UserId, CreateDate, MoodId, Content, EditTime, Flagged, TherapistId, ViewTime, Comment, Deleted) values (19, 7, '2020-06-15T13:04:17Z', 10, null, '2020-06-15T13:04:17Z', 0, 2, '2020-06-15T13:04:17Z', 'In tempor, turpis nec euismod scelerisque, quam turpis adipiscing lorem, vitae mattis nibh ligula nec sem.', 0);
insert into post (Id, UserId, CreateDate, MoodId, Content, EditTime, Flagged, TherapistId, ViewTime, Comment, Deleted) values (20, 7, '2020-07-14T17:36:37Z', 72, 'Quisque Id justo sit amet sapien dignissim vestibulum. Vestibulum ante ipsum primis in faucibus orci luctus et ultrices posuere cubilia Curae; Nulla dapibus dolor vel est. Donec odio justo, sollicitudin ut, suscipit a, feugiat et, eros. Vestibulum ac est lacinia nisi venenatis tristique. Fusce congue, diam Id ornare imperdiet, sapien urna pretium nisl, ut volutpat sapien arcu sed augue. Aliquam erat volutpat. In congue. Etiam justo. Etiam pretium iaculis justo. In hac habitasse platea dictumst. Etiam faucibus cursus urna. Ut tellus. Nulla ut erat Id mauris vulputate elementum. Nullam varius. Nulla facilisi.', null, 0, null, null, null, 0);
insert into post (Id, UserId, CreateDate, MoodId, Content, EditTime, Flagged, TherapistId, ViewTime, Comment, Deleted) values (21, 8, '2020-07-16T10:29:41Z', 93, null, null, 0, null, null, null, 0);
insert into post (Id, UserId, CreateDate, MoodId, Content, EditTime, Flagged, TherapistId, ViewTime, Comment, Deleted) values (22, 8, '2020-06-24T11:07:59Z', 80, 'Morbi sem mauris, laoreet ut, rhoncus aliquet, pulvinar sed, nisl. Nunc rhoncus dui vel sem. Sed sagittis. Nam congue, risus semper porta volutpat, quam pede lobortis ligula, sit amet eleifend pede libero quis orci. Nullam molestie nibh in lectus. Pellentesque at nulla. Suspendisse potenti. Cras in purus eu magna vulputate luctus. Cum sociis natoque penatibus et magnis dis parturient montes, nascetur ridiculus mus. Vivamus vestibulum sagittis sapien. Cum sociis natoque penatibus et magnis dis parturient montes, nascetur ridiculus mus. Etiam vel augue. Vestibulum rutrum rutrum neque. Aenean auctor gravida sem. Praesent Id massa Id nisl venenatis lacinia. Aenean sit amet justo. Morbi ut odio. Cras mi pede, malesuada in, imperdiet et, commodo vulputate, justo. In blandit ultrices enim. Lorem ipsum dolor sit amet, consectetuer adipiscing elit. Proin interdum mauris non ligula pellentesque ultrices.', null, 0, 3, '2020-06-24T11:07:59Z', 'In tempor, turpis nec euismod scelerisque, quam turpis adipiscing lorem, vitae mattis nibh ligula nec sem.', 0);
insert into post (Id, UserId, CreateDate, MoodId, Content, EditTime, Flagged, TherapistId, ViewTime, Comment, Deleted) values (23, 8, '2020-06-10T09:09:07Z', 68, 'In quis justo. Maecenas rhoncus aliquam lacus. Morbi quis tortor Id nulla ultrices aliquet. Maecenas leo odio, condimentum Id, luctus nec, molestie sed, justo. Pellentesque viverra pede ac diam. Cras pellentesque volutpat dui. Maecenas tristique, est et tempus semper, est quam pharetra magna, ac consequat metus sapien ut nunc. Vestibulum ante ipsum primis in faucibus orci luctus et ultrices posuere cubilia Curae; Mauris viverra diam vitae quam. Suspendisse potenti.', null, 0, null, null, null, 0);
insert into post (Id, UserId, CreateDate, MoodId, Content, EditTime, Flagged, TherapistId, ViewTime, Comment, Deleted) values (24, 8, '2020-07-13T23:43:29Z', 81, 'Sed sagittis. Nam congue, risus semper porta volutpat, quam pede lobortis ligula, sit amet eleifend pede libero quis orci. Nullam molestie nibh in lectus. Pellentesque at nulla. Suspendisse potenti. Cras in purus eu magna vulputate luctus. Cum sociis natoque penatibus et magnis dis parturient montes, nascetur ridiculus mus. Vivamus vestibulum sagittis sapien. Cum sociis natoque penatibus et magnis dis parturient montes, nascetur ridiculus mus. Etiam vel augue. Vestibulum rutrum rutrum neque. Aenean auctor gravida sem. Praesent Id massa Id nisl venenatis lacinia. Aenean sit amet justo. Morbi ut odio. Cras mi pede, malesuada in, imperdiet et, commodo vulputate, justo. In blandit ultrices enim. Lorem ipsum dolor sit amet, consectetuer adipiscing elit. Proin interdum mauris non ligula pellentesque ultrices. Phasellus Id sapien in sapien iaculis congue. Vivamus metus arcu, adipiscing molestie, hendrerit at, vulputate vitae, nisl. Aenean lectus. Pellentesque eget nunc. Donec quis orci eget orci vehicula condimentum.', null, 0, null, null, null, 0);
insert into post (Id, UserId, CreateDate, MoodId, Content, EditTime, Flagged, TherapistId, ViewTime, Comment, Deleted) values (25, 8, '2020-06-09T13:43:49Z', 13, 'Nullam varius. Nulla facilisi. Cras non velit nec nisi vulputate nonummy. Maecenas tincidunt lacus at velit. Vivamus vel nulla eget eros elementum pellentesque. Quisque porta volutpat erat. Quisque erat eros, viverra eget, congue eget, semper rutrum, nulla. Nunc purus. Phasellus in felis.', null, 0, null, null, null, 0);
insert into post (Id, UserId, CreateDate, MoodId, Content, EditTime, Flagged, TherapistId, ViewTime, Comment, Deleted) values (26, 8, '2020-06-26T11:29:44Z', 79, 'Pellentesque viverra pede ac diam. Cras pellentesque volutpat dui. Maecenas tristique, est et tempus semper, est quam pharetra magna, ac consequat metus sapien ut nunc. Vestibulum ante ipsum primis in faucibus orci luctus et ultrices posuere cubilia Curae; Mauris viverra diam vitae quam. Suspendisse potenti. Nullam porttitor lacus at turpis.', null, 0, 3, '2020-06-26T11:29:44Z', 'Integer ac leo. Pellentesque ultrices mattis odio. Donec vitae nisi.', 0);
insert into post (Id, UserId, CreateDate, MoodId, Content, EditTime, Flagged, TherapistId, ViewTime, Comment, Deleted) values (27, 8, '2020-07-19T14:27:01Z', 70, null, null, 0, 3, '2020-07-19T14:27:01Z', 'Mauris enim leo, rhoncus sed, vestibulum sit amet, cursus Id, turpis. Integer aliquet, massa Id lobortis convallis, tortor risus dapibus augue, vel accumsan tellus nisi eu orci. Mauris lacinia sapien quis libero. Nullam sit amet turpis elementum ligula vehicula consequat. Morbi a ipsum.', 0);
insert into post (Id, UserId, CreateDate, MoodId, Content, EditTime, Flagged, TherapistId, ViewTime, Comment, Deleted) values (28, 8, '2020-06-08T13:04:50Z', 43, null, null, 0, 3, '2020-06-08T13:04:50Z', 'Vestibulum rutrum rutrum neque. Aenean auctor gravida sem. Praesent Id massa Id nisl venenatis lacinia.', 0);
insert into post (Id, UserId, CreateDate, MoodId, Content, EditTime, Flagged, TherapistId, ViewTime, Comment, Deleted) values (29, 8, '2020-06-12T23:41:07Z', 9, null, null, 0, 3, '2020-06-12T23:41:07Z', 'Maecenas leo odio, condimentum Id, luctus nec, molestie sed, justo. Pellentesque viverra pede ac diam. Cras pellentesque volutpat dui.', 0);
insert into post (Id, UserId, CreateDate, MoodId, Content, EditTime, Flagged, TherapistId, ViewTime, Comment, Deleted) values (30, 8, '2020-06-20T04:39:11Z', 49, 'Morbi ut odio. Cras mi pede, malesuada in, imperdiet et, commodo vulputate, justo. In blandit ultrices enim. Lorem ipsum dolor sit amet, consectetuer adipiscing elit. Proin interdum mauris non ligula pellentesque ultrices. Phasellus Id sapien in sapien iaculis congue.', null, 0, null, null, null, 0);
insert into post (Id, UserId, CreateDate, MoodId, Content, EditTime, Flagged, TherapistId, ViewTime, Comment, Deleted) values (31, 9, '2020-06-13T04:30:31Z', 66, 'Etiam faucibus cursus urna. Ut tellus. Nulla ut erat Id mauris vulputate elementum. Nullam varius. Nulla facilisi. Cras non velit nec nisi vulputate nonummy. Maecenas tincidunt lacus at velit. Vivamus vel nulla eget eros elementum pellentesque. Quisque porta volutpat erat. Quisque erat eros, viverra eget, congue eget, semper rutrum, nulla. Nunc purus. Phasellus in felis. Donec semper sapien a libero. Nam dui. Proin leo odio, porttitor Id, consequat in, consequat ut, nulla. Sed accumsan felis. Ut at dolor quis odio consequat varius. Integer ac leo. Pellentesque ultrices mattis odio. Donec vitae nisi. Nam ultrices, libero non mattis pulvinar, nulla pede ullamcorper augue, a suscipit nulla elit ac nulla.', null, 0, 4, '2020-06-13T04:30:31Z', 'In congue.', 0);
insert into post (Id, UserId, CreateDate, MoodId, Content, EditTime, Flagged, TherapistId, ViewTime, Comment, Deleted) values (32, 9, '2020-06-26T19:57:58Z', 66, 'Phasellus Id sapien in sapien iaculis congue. Vivamus metus arcu, adipiscing molestie, hendrerit at, vulputate vitae, nisl. Aenean lectus. Pellentesque eget nunc. Donec quis orci eget orci vehicula condimentum. Curabitur in libero ut massa volutpat convallis. Morbi odio odio, elementum eu, interdum eu, tincidunt in, leo. Maecenas pulvinar lobortis est.', null, 0, 4, '2020-06-26T19:57:58Z', 'Morbi a ipsum. Integer a nibh.', 0);
insert into post (Id, UserId, CreateDate, MoodId, Content, EditTime, Flagged, TherapistId, ViewTime, Comment, Deleted) values (33, 9, '2020-06-16T00:43:50Z', 17, 'Aenean fermentum. Donec ut mauris eget massa tempor convallis. Nulla neque libero, convallis eget, eleifend luctus, ultricies eu, nibh. Quisque Id justo sit amet sapien dignissim vestibulum. Vestibulum ante ipsum primis in faucibus orci luctus et ultrices posuere cubilia Curae; Nulla dapibus dolor vel est. Donec odio justo, sollicitudin ut, suscipit a, feugiat et, eros. Vestibulum ac est lacinia nisi venenatis tristique. Fusce congue, diam Id ornare imperdiet, sapien urna pretium nisl, ut volutpat sapien arcu sed augue. Aliquam erat volutpat. In congue. Etiam justo. Etiam pretium iaculis justo. In hac habitasse platea dictumst. Etiam faucibus cursus urna. Ut tellus. Nulla ut erat Id mauris vulputate elementum. Nullam varius. Nulla facilisi. Cras non velit nec nisi vulputate nonummy. Maecenas tincidunt lacus at velit. Vivamus vel nulla eget eros elementum pellentesque. Quisque porta volutpat erat. Quisque erat eros, viverra eget, congue eget, semper rutrum, nulla. Nunc purus.', null, 0, 4, '2020-06-16T00:43:50Z', 'Nullam orci pede, venenatis non, sodales sed, tincidunt eu, felis. Fusce posuere felis sed lacus.', 0);
insert into post (Id, UserId, CreateDate, MoodId, Content, EditTime, Flagged, TherapistId, ViewTime, Comment, Deleted) values (34, 9, '2020-06-21T10:20:01Z', 2, null, null, 0, 4, '2020-06-21T10:20:01Z', 'Vivamus metus arcu, adipiscing molestie, hendrerit at, vulputate vitae, nisl. Aenean lectus. Pellentesque eget nunc. Donec quis orci eget orci vehicula condimentum. Curabitur in libero ut massa volutpat convallis.', 0);
insert into post (Id, UserId, CreateDate, MoodId, Content, EditTime, Flagged, TherapistId, ViewTime, Comment, Deleted) values (35, 9, '2020-06-23T17:59:46Z', 28, 'Pellentesque eget nunc. Donec quis orci eget orci vehicula condimentum. Curabitur in libero ut massa volutpat convallis. Morbi odio odio, elementum eu, interdum eu, tincidunt in, leo. Maecenas pulvinar lobortis est. Phasellus sit amet erat. Nulla tempus. Vivamus in felis eu sapien cursus vestibulum. Proin eu mi. Nulla ac enim. In tempor, turpis nec euismod scelerisque, quam turpis adipiscing lorem, vitae mattis nibh ligula nec sem. Duis aliquam convallis nunc. Proin at turpis a pede posuere nonummy. Integer non velit. Donec diam neque, vestibulum eget, vulputate ut, ultrices vel, augue. Vestibulum ante ipsum primis in faucibus orci luctus et ultrices posuere cubilia Curae; Donec pharetra, magna vestibulum aliquet ultrices, erat tortor sollicitudin mi, sit amet lobortis sapien sapien non mi. Integer ac neque. Duis bibendum. Morbi non quam nec dui luctus rutrum. Nulla tellus. In sagittis dui vel nisl. Duis ac nibh. Fusce lacus purus, aliquet at, feugiat non, pretium quis, lectus. Suspendisse potenti.', null, 0, 4, '2020-06-23T17:59:46Z', 'Nulla facilisi.', 0);
insert into post (Id, UserId, CreateDate, MoodId, Content, EditTime, Flagged, TherapistId, ViewTime, Comment, Deleted) values (36, 9, '2020-06-11T07:07:54Z', 59, null, '2020-06-11T07:07:54Z', 0, 4, '2020-06-11T07:07:54Z', 'Mauris sit amet eros. Suspendisse accumsan tortor quis turpis. Sed ante. Vivamus tortor.', 0);
insert into post (Id, UserId, CreateDate, MoodId, Content, EditTime, Flagged, TherapistId, ViewTime, Comment, Deleted) values (37, 9, '2020-06-14T18:34:49Z', 24, 'Cum sociis natoque penatibus et magnis dis parturient montes, nascetur ridiculus mus. Vivamus vestibulum sagittis sapien. Cum sociis natoque penatibus et magnis dis parturient montes, nascetur ridiculus mus. Etiam vel augue. Vestibulum rutrum rutrum neque. Aenean auctor gravida sem. Praesent Id massa Id nisl venenatis lacinia. Aenean sit amet justo. Morbi ut odio. Cras mi pede, malesuada in, imperdiet et, commodo vulputate, justo. In blandit ultrices enim. Lorem ipsum dolor sit amet, consectetuer adipiscing elit. Proin interdum mauris non ligula pellentesque ultrices. Phasellus Id sapien in sapien iaculis congue. Vivamus metus arcu, adipiscing molestie, hendrerit at, vulputate vitae, nisl. Aenean lectus. Pellentesque eget nunc. Donec quis orci eget orci vehicula condimentum. Curabitur in libero ut massa volutpat convallis. Morbi odio odio, elementum eu, interdum eu, tincidunt in, leo. Maecenas pulvinar lobortis est. Phasellus sit amet erat. Nulla tempus. Vivamus in felis eu sapien cursus vestibulum.', null, 0, 4, '2020-06-14T18:34:49Z', 'Lorem ipsum dolor sit amet, consectetuer adipiscing elit. Proin interdum mauris non ligula pellentesque ultrices. Phasellus Id sapien in sapien iaculis congue. Vivamus metus arcu, adipiscing molestie, hendrerit at, vulputate vitae, nisl.', 0);
insert into post (Id, UserId, CreateDate, MoodId, Content, EditTime, Flagged, TherapistId, ViewTime, Comment, Deleted) values (38, 9, '2020-07-13T09:05:05Z', 57, 'Aliquam sit amet diam in magna bibendum imperdiet. Nullam orci pede, venenatis non, sodales sed, tincidunt eu, felis. Fusce posuere felis sed lacus. Morbi sem mauris, laoreet ut, rhoncus aliquet, pulvinar sed, nisl. Nunc rhoncus dui vel sem. Sed sagittis. Nam congue, risus semper porta volutpat, quam pede lobortis ligula, sit amet eleifend pede libero quis orci. Nullam molestie nibh in lectus.', null, 0, 4, '2020-07-13T09:05:05Z', 'Proin at turpis a pede posuere nonummy. Integer non velit. Donec diam neque, vestibulum eget, vulputate ut, ultrices vel, augue. Vestibulum ante ipsum primis in faucibus orci luctus et ultrices posuere cubilia Curae; Donec pharetra, magna vestibulum aliquet ultrices, erat tortor sollicitudin mi, sit amet lobortis sapien sapien non mi.', 0);
insert into post (Id, UserId, CreateDate, MoodId, Content, EditTime, Flagged, TherapistId, ViewTime, Comment, Deleted) values (39, 9, '2020-06-10T22:18:14Z', 21, 'Nullam varius. Nulla facilisi. Cras non velit nec nisi vulputate nonummy. Maecenas tincidunt lacus at velit. Vivamus vel nulla eget eros elementum pellentesque. Quisque porta volutpat erat. Quisque erat eros, viverra eget, congue eget, semper rutrum, nulla. Nunc purus. Phasellus in felis. Donec semper sapien a libero. Nam dui. Proin leo odio, porttitor Id, consequat in, consequat ut, nulla. Sed accumsan felis. Ut at dolor quis odio consequat varius. Integer ac leo. Pellentesque ultrices mattis odio. Donec vitae nisi. Nam ultrices, libero non mattis pulvinar, nulla pede ullamcorper augue, a suscipit nulla elit ac nulla.', null, 0, null, null, null, 0);
insert into post (Id, UserId, CreateDate, MoodId, Content, EditTime, Flagged, TherapistId, ViewTime, Comment, Deleted) values (40, 9, '2020-06-13T12:16:37Z', 17, 'Vivamus vestibulum sagittis sapien. Cum sociis natoque penatibus et magnis dis parturient montes, nascetur ridiculus mus. Etiam vel augue. Vestibulum rutrum rutrum neque. Aenean auctor gravida sem. Praesent Id massa Id nisl venenatis lacinia. Aenean sit amet justo.', null, 0, 4, '2020-06-13T12:16:37Z', 'Aliquam quis turpis eget elit sodales scelerisque. Mauris sit amet eros. Suspendisse accumsan tortor quis turpis. Sed ante.', 0);
insert into post (Id, UserId, CreateDate, MoodId, Content, EditTime, Flagged, TherapistId, ViewTime, Comment, Deleted) values (41, 10, '2020-07-13T21:59:37Z', 33, 'Cum sociis natoque penatibus et magnis dis parturient montes, nascetur ridiculus mus. Vivamus vestibulum sagittis sapien. Cum sociis natoque penatibus et magnis dis parturient montes, nascetur ridiculus mus. Etiam vel augue. Vestibulum rutrum rutrum neque. Aenean auctor gravida sem. Praesent Id massa Id nisl venenatis lacinia. Aenean sit amet justo. Morbi ut odio. Cras mi pede, malesuada in, imperdiet et, commodo vulputate, justo. In blandit ultrices enim. Lorem ipsum dolor sit amet, consectetuer adipiscing elit. Proin interdum mauris non ligula pellentesque ultrices. Phasellus Id sapien in sapien iaculis congue. Vivamus metus arcu, adipiscing molestie, hendrerit at, vulputate vitae, nisl. Aenean lectus. Pellentesque eget nunc. Donec quis orci eget orci vehicula condimentum. Curabitur in libero ut massa volutpat convallis. Morbi odio odio, elementum eu, interdum eu, tincidunt in, leo. Maecenas pulvinar lobortis est. Phasellus sit amet erat.', null, 0, 5, '2020-07-13T21:59:37Z', 'Nulla tellus.', 0);
insert into post (Id, UserId, CreateDate, MoodId, Content, EditTime, Flagged, TherapistId, ViewTime, Comment, Deleted) values (42, 10, '2020-06-22T17:54:41Z', 5, 'Maecenas pulvinar lobortis est. Phasellus sit amet erat. Nulla tempus. Vivamus in felis eu sapien cursus vestibulum. Proin eu mi. Nulla ac enim. In tempor, turpis nec euismod scelerisque, quam turpis adipiscing lorem, vitae mattis nibh ligula nec sem. Duis aliquam convallis nunc. Proin at turpis a pede posuere nonummy. Integer non velit. Donec diam neque, vestibulum eget, vulputate ut, ultrices vel, augue. Vestibulum ante ipsum primis in faucibus orci luctus et ultrices posuere cubilia Curae; Donec pharetra, magna vestibulum aliquet ultrices, erat tortor sollicitudin mi, sit amet lobortis sapien sapien non mi. Integer ac neque. Duis bibendum. Morbi non quam nec dui luctus rutrum. Nulla tellus. In sagittis dui vel nisl. Duis ac nibh. Fusce lacus purus, aliquet at, feugiat non, pretium quis, lectus. Suspendisse potenti.', null, 0, null, null, null, 0);
insert into post (Id, UserId, CreateDate, MoodId, Content, EditTime, Flagged, TherapistId, ViewTime, Comment, Deleted) values (43, 10, '2020-06-11T02:11:33Z', 80, 'Duis ac nibh. Fusce lacus purus, aliquet at, feugiat non, pretium quis, lectus. Suspendisse potenti. In eleifend quam a odio. In hac habitasse platea dictumst. Maecenas ut massa quis augue luctus tincidunt. Nulla mollis molestie lorem. Quisque ut erat. Curabitur gravida nisi at nibh. In hac habitasse platea dictumst. Aliquam augue quam, sollicitudin vitae, consectetuer eget, rutrum at, lorem. Integer tincidunt ante vel ipsum. Praesent blandit lacinia erat. Vestibulum sed magna at nunc commodo placerat. Praesent blandit.', null, 0, 5, '2020-06-11T02:11:33Z', 'Duis bibendum, felis sed interdum venenatis, turpis enim blandit mi, in porttitor pede justo eu massa. Donec dapibus. Duis at velit eu est congue elementum. In hac habitasse platea dictumst. Morbi vestibulum, velit Id pretium iaculis, diam erat fermentum justo, nec condimentum neque sapien placerat ante.', 0);
insert into post (Id, UserId, CreateDate, MoodId, Content, EditTime, Flagged, TherapistId, ViewTime, Comment, Deleted) values (44, 10, '2020-07-16T09:51:33Z', 94, 'Nam nulla. Integer pede justo, lacinia eget, tincidunt eget, tempus vel, pede. Morbi porttitor lorem Id ligula. Suspendisse ornare consequat lectus. In est risus, auctor sed, tristique in, tempus sit amet, sem. Fusce consequat. Nulla nisl. Nunc nisl.', null, 0, null, null, null, 0);
insert into post (Id, UserId, CreateDate, MoodId, Content, EditTime, Flagged, TherapistId, ViewTime, Comment, Deleted) values (45, 10, '2020-07-13T05:35:20Z', 88, 'Fusce posuere felis sed lacus. Morbi sem mauris, laoreet ut, rhoncus aliquet, pulvinar sed, nisl. Nunc rhoncus dui vel sem. Sed sagittis. Nam congue, risus semper porta volutpat, quam pede lobortis ligula, sit amet eleifend pede libero quis orci. Nullam molestie nibh in lectus. Pellentesque at nulla. Suspendisse potenti. Cras in purus eu magna vulputate luctus. Cum sociis natoque penatibus et magnis dis parturient montes, nascetur ridiculus mus. Vivamus vestibulum sagittis sapien. Cum sociis natoque penatibus et magnis dis parturient montes, nascetur ridiculus mus. Etiam vel augue. Vestibulum rutrum rutrum neque. Aenean auctor gravida sem. Praesent Id massa Id nisl venenatis lacinia. Aenean sit amet justo. Morbi ut odio. Cras mi pede, malesuada in, imperdiet et, commodo vulputate, justo. In blandit ultrices enim. Lorem ipsum dolor sit amet, consectetuer adipiscing elit. Proin interdum mauris non ligula pellentesque ultrices. Phasellus Id sapien in sapien iaculis congue.', null, 0, null, null, null, 0);
insert into post (Id, UserId, CreateDate, MoodId, Content, EditTime, Flagged, TherapistId, ViewTime, Comment, Deleted) values (46, 10, '2020-06-12T22:01:48Z', 9, null, null, 0, 5, '2020-06-12T22:01:48Z', 'Nulla suscipit ligula in lacus. Curabitur at ipsum ac tellus semper interdum. Mauris ullamcorper purus sit amet nulla.', 0);
insert into post (Id, UserId, CreateDate, MoodId, Content, EditTime, Flagged, TherapistId, ViewTime, Comment, Deleted) values (47, 10, '2020-07-14T02:53:11Z', 32, 'Fusce posuere felis sed lacus. Morbi sem mauris, laoreet ut, rhoncus aliquet, pulvinar sed, nisl. Nunc rhoncus dui vel sem. Sed sagittis. Nam congue, risus semper porta volutpat, quam pede lobortis ligula, sit amet eleifend pede libero quis orci. Nullam molestie nibh in lectus. Pellentesque at nulla. Suspendisse potenti. Cras in purus eu magna vulputate luctus.', null, 0, 5, '2020-07-14T02:53:11Z', 'Vestibulum ante ipsum primis in faucibus orci luctus et ultrices posuere cubilia Curae; Nulla dapibus dolor vel est. Donec odio justo, sollicitudin ut, suscipit a, feugiat et, eros. Vestibulum ac est lacinia nisi venenatis tristique.', 0);
insert into post (Id, UserId, CreateDate, MoodId, Content, EditTime, Flagged, TherapistId, ViewTime, Comment, Deleted) values (48, 10, '2020-06-13T14:19:58Z', 50, null, null, 0, 5, '2020-06-13T14:19:58Z', 'Quisque porta volutpat erat.', 0);
insert into post (Id, UserId, CreateDate, MoodId, Content, EditTime, Flagged, TherapistId, ViewTime, Comment, Deleted) values (49, 10, '2020-07-11T10:12:27Z', 58, 'Integer a nibh. In quis justo. Maecenas rhoncus aliquam lacus. Morbi quis tortor Id nulla ultrices aliquet. Maecenas leo odio, condimentum Id, luctus nec, molestie sed, justo. Pellentesque viverra pede ac diam. Cras pellentesque volutpat dui. Maecenas tristique, est et tempus semper, est quam pharetra magna, ac consequat metus sapien ut nunc. Vestibulum ante ipsum primis in faucibus orci luctus et ultrices posuere cubilia Curae; Mauris viverra diam vitae quam. Suspendisse potenti. Nullam porttitor lacus at turpis. Donec posuere metus vitae ipsum. Aliquam non mauris. Morbi non lectus. Aliquam sit amet diam in magna bibendum imperdiet. Nullam orci pede, venenatis non, sodales sed, tincidunt eu, felis. Fusce posuere felis sed lacus.', null, 0, null, null, null, 0);
insert into post (Id, UserId, CreateDate, MoodId, Content, EditTime, Flagged, TherapistId, ViewTime, Comment, Deleted) values (50, 10, '2020-07-03T23:18:17Z', 57, 'Morbi non lectus. Aliquam sit amet diam in magna bibendum imperdiet. Nullam orci pede, venenatis non, sodales sed, tincidunt eu, felis. Fusce posuere felis sed lacus. Morbi sem mauris, laoreet ut, rhoncus aliquet, pulvinar sed, nisl. Nunc rhoncus dui vel sem. Sed sagittis. Nam congue, risus semper porta volutpat, quam pede lobortis ligula, sit amet eleifend pede libero quis orci. Nullam molestie nibh in lectus. Pellentesque at nulla. Suspendisse potenti. Cras in purus eu magna vulputate luctus. Cum sociis natoque penatibus et magnis dis parturient montes, nascetur ridiculus mus.', null, 0, null, null, null, 0);
insert into post (Id, UserId, CreateDate, MoodId, Content, EditTime, Flagged, TherapistId, ViewTime, Comment, Deleted) values (51, 11, '2020-07-07T13:35:09Z', 20, null, null, 0, null, null, null, 0);
insert into post (Id, UserId, CreateDate, MoodId, Content, EditTime, Flagged, TherapistId, ViewTime, Comment, Deleted) values (52, 11, '2020-07-17T00:00:12Z', 29, 'Proin risus. Praesent lectus. Vestibulum quam sapien, varius ut, blandit non, interdum in, ante. Vestibulum ante ipsum primis in faucibus orci luctus et ultrices posuere cubilia Curae; Duis faucibus accumsan odio. Curabitur convallis. Duis consequat dui nec nisi volutpat eleifend. Donec ut dolor. Morbi vel lectus in quam fringilla rhoncus. Mauris enim leo, rhoncus sed, vestibulum sit amet, cursus Id, turpis. Integer aliquet, massa Id lobortis convallis, tortor risus dapibus augue, vel accumsan tellus nisi eu orci. Mauris lacinia sapien quis libero. Nullam sit amet turpis elementum ligula vehicula consequat.', null, 0, 1, '2020-07-17T00:00:12Z', 'Duis bibendum, felis sed interdum venenatis, turpis enim blandit mi, in porttitor pede justo eu massa. Donec dapibus. Duis at velit eu est congue elementum. In hac habitasse platea dictumst.', 0);
insert into post (Id, UserId, CreateDate, MoodId, Content, EditTime, Flagged, TherapistId, ViewTime, Comment, Deleted) values (53, 11, '2020-06-02T04:07:54Z', 75, null, null, 0, 1, '2020-06-02T04:07:54Z', 'Integer non velit. Donec diam neque, vestibulum eget, vulputate ut, ultrices vel, augue. Vestibulum ante ipsum primis in faucibus orci luctus et ultrices posuere cubilia Curae; Donec pharetra, magna vestibulum aliquet ultrices, erat tortor sollicitudin mi, sit amet lobortis sapien sapien non mi.', 0);
insert into post (Id, UserId, CreateDate, MoodId, Content, EditTime, Flagged, TherapistId, ViewTime, Comment, Deleted) values (54, 11, '2020-07-08T02:37:53Z', 38, 'Sed ante. Vivamus tortor. Duis mattis egestas metus. Aenean fermentum. Donec ut mauris eget massa tempor convallis. Nulla neque libero, convallis eget, eleifend luctus, ultricies eu, nibh. Quisque Id justo sit amet sapien dignissim vestibulum. Vestibulum ante ipsum primis in faucibus orci luctus et ultrices posuere cubilia Curae; Nulla dapibus dolor vel est. Donec odio justo, sollicitudin ut, suscipit a, feugiat et, eros. Vestibulum ac est lacinia nisi venenatis tristique. Fusce congue, diam Id ornare imperdiet, sapien urna pretium nisl, ut volutpat sapien arcu sed augue. Aliquam erat volutpat. In congue.', '2020-07-08T02:37:53Z', 0, 1, '2020-07-08T02:37:53Z', 'Vivamus tortor. Duis mattis egestas metus. Aenean fermentum. Donec ut mauris eget massa tempor convallis.', 0);
insert into post (Id, UserId, CreateDate, MoodId, Content, EditTime, Flagged, TherapistId, ViewTime, Comment, Deleted) values (55, 11, '2020-07-13T20:50:16Z', 9, null, null, 0, 1, '2020-07-13T20:50:16Z', 'Nulla tempus. Vivamus in felis eu sapien cursus vestibulum. Proin eu mi.', 0);
insert into post (Id, UserId, CreateDate, MoodId, Content, EditTime, Flagged, TherapistId, ViewTime, Comment, Deleted) values (56, 11, '2020-06-23T14:37:31Z', 16, 'Nulla nisl. Nunc nisl. Duis bibendum, felis sed interdum venenatis, turpis enim blandit mi, in porttitor pede justo eu massa. Donec dapibus. Duis at velit eu est congue elementum. In hac habitasse platea dictumst. Morbi vestibulum, velit Id pretium iaculis, diam erat fermentum justo, nec condimentum neque sapien placerat ante. Nulla justo. Aliquam quis turpis eget elit sodales scelerisque. Mauris sit amet eros. Suspendisse accumsan tortor quis turpis. Sed ante. Vivamus tortor.', null, 0, 1, '2020-06-23T14:37:31Z', 'Duis consequat dui nec nisi volutpat eleifend. Donec ut dolor. Morbi vel lectus in quam fringilla rhoncus.', 0);
insert into post (Id, UserId, CreateDate, MoodId, Content, EditTime, Flagged, TherapistId, ViewTime, Comment, Deleted) values (57, 11, '2020-06-25T21:26:21Z', 84, null, null, 0, 1, '2020-06-25T21:26:21Z', 'Quisque ut erat. Curabitur gravida nisi at nibh. In hac habitasse platea dictumst. Aliquam augue quam, sollicitudin vitae, consectetuer eget, rutrum at, lorem.', 0);
insert into post (Id, UserId, CreateDate, MoodId, Content, EditTime, Flagged, TherapistId, ViewTime, Comment, Deleted) values (58, 11, '2020-07-16T14:29:07Z', 20, null, '2020-07-16T14:29:07Z', 0, 1, '2020-07-16T14:29:07Z', 'Cras pellentesque volutpat dui. Maecenas tristique, est et tempus semper, est quam pharetra magna, ac consequat metus sapien ut nunc. Vestibulum ante ipsum primis in faucibus orci luctus et ultrices posuere cubilia Curae; Mauris viverra diam vitae quam.', 0);
insert into post (Id, UserId, CreateDate, MoodId, Content, EditTime, Flagged, TherapistId, ViewTime, Comment, Deleted) values (59, 11, '2020-06-07T13:31:06Z', 33, 'In hac habitasse platea dictumst. Morbi vestibulum, velit Id pretium iaculis, diam erat fermentum justo, nec condimentum neque sapien placerat ante. Nulla justo. Aliquam quis turpis eget elit sodales scelerisque. Mauris sit amet eros. Suspendisse accumsan tortor quis turpis. Sed ante. Vivamus tortor. Duis mattis egestas metus. Aenean fermentum. Donec ut mauris eget massa tempor convallis. Nulla neque libero, convallis eget, eleifend luctus, ultricies eu, nibh. Quisque Id justo sit amet sapien dignissim vestibulum. Vestibulum ante ipsum primis in faucibus orci luctus et ultrices posuere cubilia Curae; Nulla dapibus dolor vel est. Donec odio justo, sollicitudin ut, suscipit a, feugiat et, eros. Vestibulum ac est lacinia nisi venenatis tristique. Fusce congue, diam Id ornare imperdiet, sapien urna pretium nisl, ut volutpat sapien arcu sed augue. Aliquam erat volutpat.', null, 0, null, null, null, 0);
insert into post (Id, UserId, CreateDate, MoodId, Content, EditTime, Flagged, TherapistId, ViewTime, Comment, Deleted) values (60, 11, '2020-07-17T12:30:29Z', 88, 'Duis at velit eu est congue elementum. In hac habitasse platea dictumst. Morbi vestibulum, velit Id pretium iaculis, diam erat fermentum justo, nec condimentum neque sapien placerat ante. Nulla justo. Aliquam quis turpis eget elit sodales scelerisque. Mauris sit amet eros. Suspendisse accumsan tortor quis turpis. Sed ante. Vivamus tortor. Duis mattis egestas metus. Aenean fermentum. Donec ut mauris eget massa tempor convallis.', null, 0, 1, '2020-07-17T12:30:29Z', 'In hac habitasse platea dictumst. Maecenas ut massa quis augue luctus tincidunt.', 0);
insert into post (Id, UserId, CreateDate, MoodId, Content, EditTime, Flagged, TherapistId, ViewTime, Comment, Deleted) values (61, 12, '2020-06-08T01:18:26Z', 72, 'Phasellus sit amet erat. Nulla tempus. Vivamus in felis eu sapien cursus vestibulum. Proin eu mi. Nulla ac enim. In tempor, turpis nec euismod scelerisque, quam turpis adipiscing lorem, vitae mattis nibh ligula nec sem.', null, 0, null, null, null, 0);
insert into post (Id, UserId, CreateDate, MoodId, Content, EditTime, Flagged, TherapistId, ViewTime, Comment, Deleted) values (62, 12, '2020-07-05T05:22:33Z', 10, 'Sed ante. Vivamus tortor. Duis mattis egestas metus. Aenean fermentum. Donec ut mauris eget massa tempor convallis. Nulla neque libero, convallis eget, eleifend luctus, ultricies eu, nibh. Quisque Id justo sit amet sapien dignissim vestibulum. Vestibulum ante ipsum primis in faucibus orci luctus et ultrices posuere cubilia Curae; Nulla dapibus dolor vel est. Donec odio justo, sollicitudin ut, suscipit a, feugiat et, eros. Vestibulum ac est lacinia nisi venenatis tristique. Fusce congue, diam Id ornare imperdiet, sapien urna pretium nisl, ut volutpat sapien arcu sed augue. Aliquam erat volutpat.', null, 0, null, null, null, 0);
insert into post (Id, UserId, CreateDate, MoodId, Content, EditTime, Flagged, TherapistId, ViewTime, Comment, Deleted) values (63, 12, '2020-06-29T18:45:57Z', 21, 'Nulla mollis molestie lorem. Quisque ut erat. Curabitur gravida nisi at nibh. In hac habitasse platea dictumst. Aliquam augue quam, sollicitudin vitae, consectetuer eget, rutrum at, lorem. Integer tincidunt ante vel ipsum. Praesent blandit lacinia erat. Vestibulum sed magna at nunc commodo placerat. Praesent blandit. Nam nulla. Integer pede justo, lacinia eget, tincidunt eget, tempus vel, pede. Morbi porttitor lorem Id ligula. Suspendisse ornare consequat lectus.', null, 0, 2, '2020-06-29T18:45:57Z', 'Cras non velit nec nisi vulputate nonummy. Maecenas tincidunt lacus at velit. Vivamus vel nulla eget eros elementum pellentesque. Quisque porta volutpat erat. Quisque erat eros, viverra eget, congue eget, semper rutrum, nulla.', 0);
insert into post (Id, UserId, CreateDate, MoodId, Content, EditTime, Flagged, TherapistId, ViewTime, Comment, Deleted) values (64, 12, '2020-07-01T05:06:56Z', 89, 'Mauris lacinia sapien quis libero. Nullam sit amet turpis elementum ligula vehicula consequat. Morbi a ipsum. Integer a nibh. In quis justo. Maecenas rhoncus aliquam lacus. Morbi quis tortor Id nulla ultrices aliquet. Maecenas leo odio, condimentum Id, luctus nec, molestie sed, justo. Pellentesque viverra pede ac diam. Cras pellentesque volutpat dui. Maecenas tristique, est et tempus semper, est quam pharetra magna, ac consequat metus sapien ut nunc. Vestibulum ante ipsum primis in faucibus orci luctus et ultrices posuere cubilia Curae; Mauris viverra diam vitae quam. Suspendisse potenti.', '2020-07-01T05:06:56Z', 0, null, null, null, 0);
insert into post (Id, UserId, CreateDate, MoodId, Content, EditTime, Flagged, TherapistId, ViewTime, Comment, Deleted) values (65, 12, '2020-07-13T05:06:45Z', 65, 'Duis bibendum. Morbi non quam nec dui luctus rutrum. Nulla tellus. In sagittis dui vel nisl. Duis ac nibh. Fusce lacus purus, aliquet at, feugiat non, pretium quis, lectus. Suspendisse potenti. In eleifend quam a odio.', null, 0, null, null, null, 0);
insert into post (Id, UserId, CreateDate, MoodId, Content, EditTime, Flagged, TherapistId, ViewTime, Comment, Deleted) values (66, 12, '2020-07-01T12:16:50Z', 36, null, '2020-07-01T12:16:50Z', 0, 2, '2020-07-01T12:16:50Z', 'Phasellus Id sapien in sapien iaculis congue. Vivamus metus arcu, adipiscing molestie, hendrerit at, vulputate vitae, nisl.', 0);
insert into post (Id, UserId, CreateDate, MoodId, Content, EditTime, Flagged, TherapistId, ViewTime, Comment, Deleted) values (67, 12, '2020-06-06T05:31:03Z', 41, 'Curabitur gravida nisi at nibh. In hac habitasse platea dictumst. Aliquam augue quam, sollicitudin vitae, consectetuer eget, rutrum at, lorem. Integer tincidunt ante vel ipsum. Praesent blandit lacinia erat. Vestibulum sed magna at nunc commodo placerat. Praesent blandit. Nam nulla. Integer pede justo, lacinia eget, tincidunt eget, tempus vel, pede. Morbi porttitor lorem Id ligula. Suspendisse ornare consequat lectus. In est risus, auctor sed, tristique in, tempus sit amet, sem. Fusce consequat. Nulla nisl.', null, 0, null, null, null, 0);
insert into post (Id, UserId, CreateDate, MoodId, Content, EditTime, Flagged, TherapistId, ViewTime, Comment, Deleted) values (68, 12, '2020-06-29T03:47:25Z', 48, 'Suspendisse potenti. Cras in purus eu magna vulputate luctus. Cum sociis natoque penatibus et magnis dis parturient montes, nascetur ridiculus mus. Vivamus vestibulum sagittis sapien. Cum sociis natoque penatibus et magnis dis parturient montes, nascetur ridiculus mus. Etiam vel augue. Vestibulum rutrum rutrum neque. Aenean auctor gravida sem. Praesent Id massa Id nisl venenatis lacinia. Aenean sit amet justo. Morbi ut odio. Cras mi pede, malesuada in, imperdiet et, commodo vulputate, justo. In blandit ultrices enim. Lorem ipsum dolor sit amet, consectetuer adipiscing elit. Proin interdum mauris non ligula pellentesque ultrices. Phasellus Id sapien in sapien iaculis congue. Vivamus metus arcu, adipiscing molestie, hendrerit at, vulputate vitae, nisl. Aenean lectus. Pellentesque eget nunc. Donec quis orci eget orci vehicula condimentum. Curabitur in libero ut massa volutpat convallis. Morbi odio odio, elementum eu, interdum eu, tincidunt in, leo.', null, 0, 2, '2020-06-29T03:47:25Z', 'Suspendisse potenti. Cras in purus eu magna vulputate luctus. Cum sociis natoque penatibus et magnis dis parturient montes, nascetur ridiculus mus.', 0);
insert into post (Id, UserId, CreateDate, MoodId, Content, EditTime, Flagged, TherapistId, ViewTime, Comment, Deleted) values (69, 12, '2020-06-23T13:32:47Z', 8, null, null, 0, 2, '2020-06-23T13:32:47Z', 'Fusce consequat. Nulla nisl. Nunc nisl. Duis bibendum, felis sed interdum venenatis, turpis enim blandit mi, in porttitor pede justo eu massa.', 0);
insert into post (Id, UserId, CreateDate, MoodId, Content, EditTime, Flagged, TherapistId, ViewTime, Comment, Deleted) values (70, 12, '2020-06-16T17:07:10Z', 31, null, null, 0, 2, '2020-06-16T17:07:10Z', 'Aenean auctor gravida sem. Praesent Id massa Id nisl venenatis lacinia. Aenean sit amet justo. Morbi ut odio.', 0);
insert into post (Id, UserId, CreateDate, MoodId, Content, EditTime, Flagged, TherapistId, ViewTime, Comment, Deleted) values (71, 13, '2020-06-29T05:31:49Z', 85, 'Integer non velit. Donec diam neque, vestibulum eget, vulputate ut, ultrices vel, augue. Vestibulum ante ipsum primis in faucibus orci luctus et ultrices posuere cubilia Curae; Donec pharetra, magna vestibulum aliquet ultrices, erat tortor sollicitudin mi, sit amet lobortis sapien sapien non mi. Integer ac neque. Duis bibendum. Morbi non quam nec dui luctus rutrum. Nulla tellus. In sagittis dui vel nisl. Duis ac nibh. Fusce lacus purus, aliquet at, feugiat non, pretium quis, lectus. Suspendisse potenti. In eleifend quam a odio. In hac habitasse platea dictumst. Maecenas ut massa quis augue luctus tincidunt. Nulla mollis molestie lorem. Quisque ut erat. Curabitur gravida nisi at nibh. In hac habitasse platea dictumst. Aliquam augue quam, sollicitudin vitae, consectetuer eget, rutrum at, lorem. Integer tincidunt ante vel ipsum. Praesent blandit lacinia erat. Vestibulum sed magna at nunc commodo placerat.', null, 0, 3, '2020-06-29T05:31:49Z', 'Vestibulum rutrum rutrum neque.', 0);
insert into post (Id, UserId, CreateDate, MoodId, Content, EditTime, Flagged, TherapistId, ViewTime, Comment, Deleted) values (72, 13, '2020-07-15T07:56:47Z', 59, null, null, 0, null, null, null, 0);
insert into post (Id, UserId, CreateDate, MoodId, Content, EditTime, Flagged, TherapistId, ViewTime, Comment, Deleted) values (73, 13, '2020-06-23T02:01:02Z', 76, 'Curabitur in libero ut massa volutpat convallis. Morbi odio odio, elementum eu, interdum eu, tincidunt in, leo. Maecenas pulvinar lobortis est. Phasellus sit amet erat. Nulla tempus. Vivamus in felis eu sapien cursus vestibulum. Proin eu mi. Nulla ac enim. In tempor, turpis nec euismod scelerisque, quam turpis adipiscing lorem, vitae mattis nibh ligula nec sem. Duis aliquam convallis nunc. Proin at turpis a pede posuere nonummy. Integer non velit. Donec diam neque, vestibulum eget, vulputate ut, ultrices vel, augue. Vestibulum ante ipsum primis in faucibus orci luctus et ultrices posuere cubilia Curae; Donec pharetra, magna vestibulum aliquet ultrices, erat tortor sollicitudin mi, sit amet lobortis sapien sapien non mi. Integer ac neque. Duis bibendum. Morbi non quam nec dui luctus rutrum. Nulla tellus. In sagittis dui vel nisl.', null, 0, null, null, null, 0);
insert into post (Id, UserId, CreateDate, MoodId, Content, EditTime, Flagged, TherapistId, ViewTime, Comment, Deleted) values (74, 13, '2020-06-19T10:48:38Z', 4, null, null, 0, 3, '2020-06-19T10:48:38Z', 'Lorem ipsum dolor sit amet, consectetuer adipiscing elit. Proin risus. Praesent lectus.', 0);
insert into post (Id, UserId, CreateDate, MoodId, Content, EditTime, Flagged, TherapistId, ViewTime, Comment, Deleted) values (75, 13, '2020-07-12T06:20:38Z', 40, 'Nunc rhoncus dui vel sem. Sed sagittis. Nam congue, risus semper porta volutpat, quam pede lobortis ligula, sit amet eleifend pede libero quis orci. Nullam molestie nibh in lectus. Pellentesque at nulla. Suspendisse potenti. Cras in purus eu magna vulputate luctus. Cum sociis natoque penatibus et magnis dis parturient montes, nascetur ridiculus mus. Vivamus vestibulum sagittis sapien. Cum sociis natoque penatibus et magnis dis parturient montes, nascetur ridiculus mus. Etiam vel augue. Vestibulum rutrum rutrum neque. Aenean auctor gravida sem. Praesent Id massa Id nisl venenatis lacinia. Aenean sit amet justo. Morbi ut odio. Cras mi pede, malesuada in, imperdiet et, commodo vulputate, justo. In blandit ultrices enim. Lorem ipsum dolor sit amet, consectetuer adipiscing elit. Proin interdum mauris non ligula pellentesque ultrices. Phasellus Id sapien in sapien iaculis congue.', null, 0, null, null, null, 0);
insert into post (Id, UserId, CreateDate, MoodId, Content, EditTime, Flagged, TherapistId, ViewTime, Comment, Deleted) values (76, 13, '2020-06-12T05:14:48Z', 47, 'Morbi non quam nec dui luctus rutrum. Nulla tellus. In sagittis dui vel nisl. Duis ac nibh. Fusce lacus purus, aliquet at, feugiat non, pretium quis, lectus. Suspendisse potenti. In eleifend quam a odio. In hac habitasse platea dictumst. Maecenas ut massa quis augue luctus tincidunt. Nulla mollis molestie lorem. Quisque ut erat. Curabitur gravida nisi at nibh. In hac habitasse platea dictumst. Aliquam augue quam, sollicitudin vitae, consectetuer eget, rutrum at, lorem. Integer tincidunt ante vel ipsum. Praesent blandit lacinia erat. Vestibulum sed magna at nunc commodo placerat. Praesent blandit. Nam nulla. Integer pede justo, lacinia eget, tincidunt eget, tempus vel, pede. Morbi porttitor lorem Id ligula. Suspendisse ornare consequat lectus. In est risus, auctor sed, tristique in, tempus sit amet, sem. Fusce consequat.', null, 0, null, null, null, 0);
insert into post (Id, UserId, CreateDate, MoodId, Content, EditTime, Flagged, TherapistId, ViewTime, Comment, Deleted) values (77, 13, '2020-06-06T05:41:47Z', 43, 'Quisque ut erat. Curabitur gravida nisi at nibh. In hac habitasse platea dictumst. Aliquam augue quam, sollicitudin vitae, consectetuer eget, rutrum at, lorem. Integer tincidunt ante vel ipsum. Praesent blandit lacinia erat. Vestibulum sed magna at nunc commodo placerat. Praesent blandit. Nam nulla. Integer pede justo, lacinia eget, tincidunt eget, tempus vel, pede. Morbi porttitor lorem Id ligula. Suspendisse ornare consequat lectus. In est risus, auctor sed, tristique in, tempus sit amet, sem. Fusce consequat. Nulla nisl. Nunc nisl. Duis bibendum, felis sed interdum venenatis, turpis enim blandit mi, in porttitor pede justo eu massa.', null, 0, 3, '2020-06-06T05:41:47Z', 'Nam congue, risus semper porta volutpat, quam pede lobortis ligula, sit amet eleifend pede libero quis orci. Nullam molestie nibh in lectus. Pellentesque at nulla.', 0);
insert into post (Id, UserId, CreateDate, MoodId, Content, EditTime, Flagged, TherapistId, ViewTime, Comment, Deleted) values (78, 13, '2020-06-13T00:19:31Z', 85, 'Praesent lectus. Vestibulum quam sapien, varius ut, blandit non, interdum in, ante. Vestibulum ante ipsum primis in faucibus orci luctus et ultrices posuere cubilia Curae; Duis faucibus accumsan odio. Curabitur convallis. Duis consequat dui nec nisi volutpat eleifend. Donec ut dolor. Morbi vel lectus in quam fringilla rhoncus. Mauris enim leo, rhoncus sed, vestibulum sit amet, cursus Id, turpis. Integer aliquet, massa Id lobortis convallis, tortor risus dapibus augue, vel accumsan tellus nisi eu orci. Mauris lacinia sapien quis libero. Nullam sit amet turpis elementum ligula vehicula consequat. Morbi a ipsum. Integer a nibh. In quis justo. Maecenas rhoncus aliquam lacus. Morbi quis tortor Id nulla ultrices aliquet. Maecenas leo odio, condimentum Id, luctus nec, molestie sed, justo. Pellentesque viverra pede ac diam. Cras pellentesque volutpat dui. Maecenas tristique, est et tempus semper, est quam pharetra magna, ac consequat metus sapien ut nunc.', null, 0, null, null, null, 0);
insert into post (Id, UserId, CreateDate, MoodId, Content, EditTime, Flagged, TherapistId, ViewTime, Comment, Deleted) values (79, 13, '2020-06-07T10:49:55Z', 18, 'Integer aliquet, massa Id lobortis convallis, tortor risus dapibus augue, vel accumsan tellus nisi eu orci. Mauris lacinia sapien quis libero. Nullam sit amet turpis elementum ligula vehicula consequat. Morbi a ipsum. Integer a nibh. In quis justo. Maecenas rhoncus aliquam lacus. Morbi quis tortor Id nulla ultrices aliquet. Maecenas leo odio, condimentum Id, luctus nec, molestie sed, justo. Pellentesque viverra pede ac diam.', '2020-06-07T10:49:55Z', 0, null, null, null, 0);
insert into post (Id, UserId, CreateDate, MoodId, Content, EditTime, Flagged, TherapistId, ViewTime, Comment, Deleted) values (80, 13, '2020-06-05T14:29:53Z', 43, 'Aliquam augue quam, sollicitudin vitae, consectetuer eget, rutrum at, lorem. Integer tincidunt ante vel ipsum. Praesent blandit lacinia erat. Vestibulum sed magna at nunc commodo placerat. Praesent blandit. Nam nulla. Integer pede justo, lacinia eget, tincidunt eget, tempus vel, pede. Morbi porttitor lorem Id ligula. Suspendisse ornare consequat lectus. In est risus, auctor sed, tristique in, tempus sit amet, sem.', null, 0, 3, '2020-06-05T14:29:53Z', 'Nulla ac enim.', 0);
insert into post (Id, UserId, CreateDate, MoodId, Content, EditTime, Flagged, TherapistId, ViewTime, Comment, Deleted) values (81, 14, '2020-07-03T21:16:22Z', 76, null, null, 0, null, null, null, 0);
insert into post (Id, UserId, CreateDate, MoodId, Content, EditTime, Flagged, TherapistId, ViewTime, Comment, Deleted) values (82, 14, '2020-06-29T04:57:50Z', 62, 'Morbi ut odio. Cras mi pede, malesuada in, imperdiet et, commodo vulputate, justo. In blandit ultrices enim. Lorem ipsum dolor sit amet, consectetuer adipiscing elit. Proin interdum mauris non ligula pellentesque ultrices. Phasellus Id sapien in sapien iaculis congue. Vivamus metus arcu, adipiscing molestie, hendrerit at, vulputate vitae, nisl. Aenean lectus. Pellentesque eget nunc. Donec quis orci eget orci vehicula condimentum.', null, 0, 4, '2020-06-29T04:57:50Z', 'Integer pede justo, lacinia eget, tincidunt eget, tempus vel, pede.', 0);
insert into post (Id, UserId, CreateDate, MoodId, Content, EditTime, Flagged, TherapistId, ViewTime, Comment, Deleted) values (83, 14, '2020-06-22T00:35:51Z', 35, 'Duis bibendum. Morbi non quam nec dui luctus rutrum. Nulla tellus. In sagittis dui vel nisl. Duis ac nibh. Fusce lacus purus, aliquet at, feugiat non, pretium quis, lectus. Suspendisse potenti. In eleifend quam a odio. In hac habitasse platea dictumst. Maecenas ut massa quis augue luctus tincidunt. Nulla mollis molestie lorem. Quisque ut erat. Curabitur gravida nisi at nibh. In hac habitasse platea dictumst. Aliquam augue quam, sollicitudin vitae, consectetuer eget, rutrum at, lorem. Integer tincidunt ante vel ipsum. Praesent blandit lacinia erat. Vestibulum sed magna at nunc commodo placerat. Praesent blandit. Nam nulla.', null, 0, null, null, null, 0);
insert into post (Id, UserId, CreateDate, MoodId, Content, EditTime, Flagged, TherapistId, ViewTime, Comment, Deleted) values (84, 14, '2020-07-15T01:04:31Z', 76, null, null, 0, 4, '2020-07-15T01:04:31Z', 'Aliquam erat volutpat. In congue.', 0);
insert into post (Id, UserId, CreateDate, MoodId, Content, EditTime, Flagged, TherapistId, ViewTime, Comment, Deleted) values (85, 14, '2020-07-09T22:53:59Z', 74, null, null, 0, 4, '2020-07-09T22:53:59Z', 'Donec vitae nisi. Nam ultrices, libero non mattis pulvinar, nulla pede ullamcorper augue, a suscipit nulla elit ac nulla. Sed vel enim sit amet nunc viverra dapibus. Nulla suscipit ligula in lacus. Curabitur at ipsum ac tellus semper interdum.', 0);
insert into post (Id, UserId, CreateDate, MoodId, Content, EditTime, Flagged, TherapistId, ViewTime, Comment, Deleted) values (86, 14, '2020-07-19T22:59:57Z', 85, 'Donec posuere metus vitae ipsum. Aliquam non mauris. Morbi non lectus. Aliquam sit amet diam in magna bibendum imperdiet. Nullam orci pede, venenatis non, sodales sed, tincidunt eu, felis. Fusce posuere felis sed lacus. Morbi sem mauris, laoreet ut, rhoncus aliquet, pulvinar sed, nisl. Nunc rhoncus dui vel sem. Sed sagittis. Nam congue, risus semper porta volutpat, quam pede lobortis ligula, sit amet eleifend pede libero quis orci. Nullam molestie nibh in lectus. Pellentesque at nulla. Suspendisse potenti. Cras in purus eu magna vulputate luctus. Cum sociis natoque penatibus et magnis dis parturient montes, nascetur ridiculus mus. Vivamus vestibulum sagittis sapien. Cum sociis natoque penatibus et magnis dis parturient montes, nascetur ridiculus mus. Etiam vel augue. Vestibulum rutrum rutrum neque. Aenean auctor gravida sem.', null, 0, 4, '2020-07-19T22:59:57Z', 'Aliquam sit amet diam in magna bibendum imperdiet.', 0);
insert into post (Id, UserId, CreateDate, MoodId, Content, EditTime, Flagged, TherapistId, ViewTime, Comment, Deleted) values (87, 14, '2020-07-06T13:45:11Z', 63, 'Etiam vel augue. Vestibulum rutrum rutrum neque. Aenean auctor gravida sem. Praesent Id massa Id nisl venenatis lacinia. Aenean sit amet justo. Morbi ut odio. Cras mi pede, malesuada in, imperdiet et, commodo vulputate, justo. In blandit ultrices enim. Lorem ipsum dolor sit amet, consectetuer adipiscing elit. Proin interdum mauris non ligula pellentesque ultrices. Phasellus Id sapien in sapien iaculis congue. Vivamus metus arcu, adipiscing molestie, hendrerit at, vulputate vitae, nisl. Aenean lectus. Pellentesque eget nunc.', '2020-07-06T13:45:11Z', 0, 4, '2020-07-06T13:45:11Z', 'Vestibulum ante ipsum primis in faucibus orci luctus et ultrices posuere cubilia Curae; Duis faucibus accumsan odio. Curabitur convallis.', 0);
insert into post (Id, UserId, CreateDate, MoodId, Content, EditTime, Flagged, TherapistId, ViewTime, Comment, Deleted) values (88, 14, '2020-06-21T21:52:37Z', 3, 'Nullam porttitor lacus at turpis. Donec posuere metus vitae ipsum. Aliquam non mauris. Morbi non lectus. Aliquam sit amet diam in magna bibendum imperdiet. Nullam orci pede, venenatis non, sodales sed, tincidunt eu, felis. Fusce posuere felis sed lacus. Morbi sem mauris, laoreet ut, rhoncus aliquet, pulvinar sed, nisl. Nunc rhoncus dui vel sem. Sed sagittis. Nam congue, risus semper porta volutpat, quam pede lobortis ligula, sit amet eleifend pede libero quis orci. Nullam molestie nibh in lectus. Pellentesque at nulla.', null, 0, 4, '2020-06-21T21:52:37Z', 'Duis bibendum, felis sed interdum venenatis, turpis enim blandit mi, in porttitor pede justo eu massa. Donec dapibus.', 0);
insert into post (Id, UserId, CreateDate, MoodId, Content, EditTime, Flagged, TherapistId, ViewTime, Comment, Deleted) values (89, 14, '2020-07-03T17:59:43Z', 19, 'Nunc purus. Phasellus in felis. Donec semper sapien a libero. Nam dui. Proin leo odio, porttitor Id, consequat in, consequat ut, nulla. Sed accumsan felis.', null, 0, null, null, null, 0);
insert into post (Id, UserId, CreateDate, MoodId, Content, EditTime, Flagged, TherapistId, ViewTime, Comment, Deleted) values (90, 14, '2020-06-24T22:46:39Z', 33, 'Aliquam erat volutpat. In congue. Etiam justo. Etiam pretium iaculis justo. In hac habitasse platea dictumst. Etiam faucibus cursus urna. Ut tellus. Nulla ut erat Id mauris vulputate elementum. Nullam varius. Nulla facilisi. Cras non velit nec nisi vulputate nonummy. Maecenas tincidunt lacus at velit. Vivamus vel nulla eget eros elementum pellentesque. Quisque porta volutpat erat. Quisque erat eros, viverra eget, congue eget, semper rutrum, nulla. Nunc purus. Phasellus in felis. Donec semper sapien a libero. Nam dui. Proin leo odio, porttitor Id, consequat in, consequat ut, nulla. Sed accumsan felis. Ut at dolor quis odio consequat varius. Integer ac leo.', null, 0, 4, '2020-06-24T22:46:39Z', 'Aliquam non mauris. Morbi non lectus. Aliquam sit amet diam in magna bibendum imperdiet.', 0);
insert into post (Id, UserId, CreateDate, MoodId, Content, EditTime, Flagged, TherapistId, ViewTime, Comment, Deleted) values (91, 15, '2020-06-12T14:11:17Z', 69, 'In congue. Etiam justo. Etiam pretium iaculis justo. In hac habitasse platea dictumst. Etiam faucibus cursus urna. Ut tellus. Nulla ut erat Id mauris vulputate elementum. Nullam varius. Nulla facilisi. Cras non velit nec nisi vulputate nonummy. Maecenas tincidunt lacus at velit. Vivamus vel nulla eget eros elementum pellentesque. Quisque porta volutpat erat.', null, 0, 5, '2020-06-12T14:11:17Z', 'Nam dui. Proin leo odio, porttitor Id, consequat in, consequat ut, nulla. Sed accumsan felis. Ut at dolor quis odio consequat varius.', 0);
insert into post (Id, UserId, CreateDate, MoodId, Content, EditTime, Flagged, TherapistId, ViewTime, Comment, Deleted) values (92, 15, '2020-06-07T16:44:23Z', 6, 'Suspendisse accumsan tortor quis turpis. Sed ante. Vivamus tortor. Duis mattis egestas metus. Aenean fermentum. Donec ut mauris eget massa tempor convallis. Nulla neque libero, convallis eget, eleifend luctus, ultricies eu, nibh. Quisque Id justo sit amet sapien dignissim vestibulum. Vestibulum ante ipsum primis in faucibus orci luctus et ultrices posuere cubilia Curae; Nulla dapibus dolor vel est. Donec odio justo, sollicitudin ut, suscipit a, feugiat et, eros. Vestibulum ac est lacinia nisi venenatis tristique. Fusce congue, diam Id ornare imperdiet, sapien urna pretium nisl, ut volutpat sapien arcu sed augue. Aliquam erat volutpat. In congue. Etiam justo. Etiam pretium iaculis justo. In hac habitasse platea dictumst. Etiam faucibus cursus urna. Ut tellus. Nulla ut erat Id mauris vulputate elementum. Nullam varius. Nulla facilisi. Cras non velit nec nisi vulputate nonummy.', null, 0, 5, '2020-06-07T16:44:23Z', 'Nullam varius. Nulla facilisi. Cras non velit nec nisi vulputate nonummy.', 0);
insert into post (Id, UserId, CreateDate, MoodId, Content, EditTime, Flagged, TherapistId, ViewTime, Comment, Deleted) values (93, 15, '2020-06-29T18:34:29Z', 15, 'Maecenas rhoncus aliquam lacus. Morbi quis tortor Id nulla ultrices aliquet. Maecenas leo odio, condimentum Id, luctus nec, molestie sed, justo. Pellentesque viverra pede ac diam. Cras pellentesque volutpat dui.', null, 0, 5, '2020-06-29T18:34:29Z', 'Etiam pretium iaculis justo. In hac habitasse platea dictumst.', 0);
insert into post (Id, UserId, CreateDate, MoodId, Content, EditTime, Flagged, TherapistId, ViewTime, Comment, Deleted) values (94, 15, '2020-06-23T03:22:51Z', 55, 'Pellentesque viverra pede ac diam. Cras pellentesque volutpat dui. Maecenas tristique, est et tempus semper, est quam pharetra magna, ac consequat metus sapien ut nunc. Vestibulum ante ipsum primis in faucibus orci luctus et ultrices posuere cubilia Curae; Mauris viverra diam vitae quam. Suspendisse potenti. Nullam porttitor lacus at turpis. Donec posuere metus vitae ipsum. Aliquam non mauris. Morbi non lectus. Aliquam sit amet diam in magna bibendum imperdiet. Nullam orci pede, venenatis non, sodales sed, tincidunt eu, felis. Fusce posuere felis sed lacus. Morbi sem mauris, laoreet ut, rhoncus aliquet, pulvinar sed, nisl. Nunc rhoncus dui vel sem. Sed sagittis. Nam congue, risus semper porta volutpat, quam pede lobortis ligula, sit amet eleifend pede libero quis orci. Nullam molestie nibh in lectus. Pellentesque at nulla. Suspendisse potenti. Cras in purus eu magna vulputate luctus. Cum sociis natoque penatibus et magnis dis parturient montes, nascetur ridiculus mus. Vivamus vestibulum sagittis sapien. Cum sociis natoque penatibus et magnis dis parturient montes, nascetur ridiculus mus.', '2020-06-23T03:22:51Z', 0, 5, '2020-06-23T03:22:51Z', 'Integer aliquet, massa Id lobortis convallis, tortor risus dapibus augue, vel accumsan tellus nisi eu orci. Mauris lacinia sapien quis libero.', 0);
insert into post (Id, UserId, CreateDate, MoodId, Content, EditTime, Flagged, TherapistId, ViewTime, Comment, Deleted) values (95, 15, '2020-06-30T22:46:04Z', 75, 'Nulla mollis molestie lorem. Quisque ut erat. Curabitur gravida nisi at nibh. In hac habitasse platea dictumst. Aliquam augue quam, sollicitudin vitae, consectetuer eget, rutrum at, lorem. Integer tincidunt ante vel ipsum. Praesent blandit lacinia erat. Vestibulum sed magna at nunc commodo placerat. Praesent blandit. Nam nulla. Integer pede justo, lacinia eget, tincidunt eget, tempus vel, pede.', '2020-06-30T22:46:04Z', 0, 5, '2020-06-30T22:46:04Z', 'Integer ac neque. Duis bibendum. Morbi non quam nec dui luctus rutrum. Nulla tellus. In sagittis dui vel nisl.', 0);
insert into post (Id, UserId, CreateDate, MoodId, Content, EditTime, Flagged, TherapistId, ViewTime, Comment, Deleted) values (96, 15, '2020-06-01T17:26:05Z', 87, 'Curabitur gravida nisi at nibh. In hac habitasse platea dictumst. Aliquam augue quam, sollicitudin vitae, consectetuer eget, rutrum at, lorem. Integer tincidunt ante vel ipsum. Praesent blandit lacinia erat. Vestibulum sed magna at nunc commodo placerat. Praesent blandit. Nam nulla. Integer pede justo, lacinia eget, tincidunt eget, tempus vel, pede.', null, 0, 5, '2020-06-01T17:26:05Z', 'Morbi vel lectus in quam fringilla rhoncus.', 0);
insert into post (Id, UserId, CreateDate, MoodId, Content, EditTime, Flagged, TherapistId, ViewTime, Comment, Deleted) values (97, 15, '2020-06-15T11:56:38Z', 27, 'Cras in purus eu magna vulputate luctus. Cum sociis natoque penatibus et magnis dis parturient montes, nascetur ridiculus mus. Vivamus vestibulum sagittis sapien. Cum sociis natoque penatibus et magnis dis parturient montes, nascetur ridiculus mus. Etiam vel augue.', null, 0, 5, '2020-06-15T11:56:38Z', 'Proin interdum mauris non ligula pellentesque ultrices. Phasellus Id sapien in sapien iaculis congue. Vivamus metus arcu, adipiscing molestie, hendrerit at, vulputate vitae, nisl. Aenean lectus. Pellentesque eget nunc.', 0);
insert into post (Id, UserId, CreateDate, MoodId, Content, EditTime, Flagged, TherapistId, ViewTime, Comment, Deleted) values (98, 15, '2020-06-18T04:44:35Z', 78, 'Cras mi pede, malesuada in, imperdiet et, commodo vulputate, justo. In blandit ultrices enim. Lorem ipsum dolor sit amet, consectetuer adipiscing elit. Proin interdum mauris non ligula pellentesque ultrices. Phasellus Id sapien in sapien iaculis congue. Vivamus metus arcu, adipiscing molestie, hendrerit at, vulputate vitae, nisl. Aenean lectus. Pellentesque eget nunc. Donec quis orci eget orci vehicula condimentum. Curabitur in libero ut massa volutpat convallis. Morbi odio odio, elementum eu, interdum eu, tincidunt in, leo. Maecenas pulvinar lobortis est.', null, 0, 5, '2020-06-18T04:44:35Z', 'Integer non velit. Donec diam neque, vestibulum eget, vulputate ut, ultrices vel, augue.', 0);
insert into post (Id, UserId, CreateDate, MoodId, Content, EditTime, Flagged, TherapistId, ViewTime, Comment, Deleted) values (99, 15, '2020-07-13T05:06:37Z', 6, 'Cras pellentesque volutpat dui. Maecenas tristique, est et tempus semper, est quam pharetra magna, ac consequat metus sapien ut nunc. Vestibulum ante ipsum primis in faucibus orci luctus et ultrices posuere cubilia Curae; Mauris viverra diam vitae quam. Suspendisse potenti. Nullam porttitor lacus at turpis. Donec posuere metus vitae ipsum. Aliquam non mauris. Morbi non lectus. Aliquam sit amet diam in magna bibendum imperdiet. Nullam orci pede, venenatis non, sodales sed, tincidunt eu, felis. Fusce posuere felis sed lacus. Morbi sem mauris, laoreet ut, rhoncus aliquet, pulvinar sed, nisl. Nunc rhoncus dui vel sem. Sed sagittis. Nam congue, risus semper porta volutpat, quam pede lobortis ligula, sit amet eleifend pede libero quis orci. Nullam molestie nibh in lectus. Pellentesque at nulla. Suspendisse potenti. Cras in purus eu magna vulputate luctus. Cum sociis natoque penatibus et magnis dis parturient montes, nascetur ridiculus mus. Vivamus vestibulum sagittis sapien. Cum sociis natoque penatibus et magnis dis parturient montes, nascetur ridiculus mus.', null, 0, 5, '2020-07-13T05:06:37Z', 'Integer non velit.', 0);
insert into post (Id, UserId, CreateDate, MoodId, Content, EditTime, Flagged, TherapistId, ViewTime, Comment, Deleted) values (100, 15, '2020-07-07T07:12:28Z', 81, 'Integer aliquet, massa Id lobortis convallis, tortor risus dapibus augue, vel accumsan tellus nisi eu orci. Mauris lacinia sapien quis libero. Nullam sit amet turpis elementum ligula vehicula consequat. Morbi a ipsum. Integer a nibh. In quis justo. Maecenas rhoncus aliquam lacus. Morbi quis tortor Id nulla ultrices aliquet. Maecenas leo odio, condimentum Id, luctus nec, molestie sed, justo. Pellentesque viverra pede ac diam. Cras pellentesque volutpat dui. Maecenas tristique, est et tempus semper, est quam pharetra magna, ac consequat metus sapien ut nunc. Vestibulum ante ipsum primis in faucibus orci luctus et ultrices posuere cubilia Curae; Mauris viverra diam vitae quam. Suspendisse potenti. Nullam porttitor lacus at turpis. Donec posuere metus vitae ipsum. Aliquam non mauris.', null, 0, 5, '2020-07-07T07:12:28Z', 'Aliquam non mauris. Morbi non lectus. Aliquam sit amet diam in magna bibendum imperdiet. Nullam orci pede, venenatis non, sodales sed, tincidunt eu, felis. Fusce posuere felis sed lacus.', 0);
insert into post (Id, UserId, CreateDate, MoodId, Content, EditTime, Flagged, TherapistId, ViewTime, Comment, Deleted) values (101, 16, '2020-06-21T04:22:39Z', 10, 'Aenean sit amet justo. Morbi ut odio. Cras mi pede, malesuada in, imperdiet et, commodo vulputate, justo. In blandit ultrices enim. Lorem ipsum dolor sit amet, consectetuer adipiscing elit. Proin interdum mauris non ligula pellentesque ultrices. Phasellus Id sapien in sapien iaculis congue. Vivamus metus arcu, adipiscing molestie, hendrerit at, vulputate vitae, nisl. Aenean lectus. Pellentesque eget nunc. Donec quis orci eget orci vehicula condimentum.', null, 0, 1, '2020-06-21T04:22:39Z', 'Morbi non lectus. Aliquam sit amet diam in magna bibendum imperdiet.', 0);
insert into post (Id, UserId, CreateDate, MoodId, Content, EditTime, Flagged, TherapistId, ViewTime, Comment, Deleted) values (102, 16, '2020-06-11T04:18:16Z', 28, null, null, 0, 1, '2020-06-11T04:18:16Z', 'Proin interdum mauris non ligula pellentesque ultrices. Phasellus Id sapien in sapien iaculis congue.', 0);
insert into post (Id, UserId, CreateDate, MoodId, Content, EditTime, Flagged, TherapistId, ViewTime, Comment, Deleted) values (103, 16, '2020-06-15T11:56:32Z', 76, 'In hac habitasse platea dictumst. Etiam faucibus cursus urna. Ut tellus. Nulla ut erat Id mauris vulputate elementum. Nullam varius. Nulla facilisi. Cras non velit nec nisi vulputate nonummy. Maecenas tincidunt lacus at velit. Vivamus vel nulla eget eros elementum pellentesque. Quisque porta volutpat erat. Quisque erat eros, viverra eget, congue eget, semper rutrum, nulla. Nunc purus. Phasellus in felis. Donec semper sapien a libero. Nam dui. Proin leo odio, porttitor Id, consequat in, consequat ut, nulla. Sed accumsan felis. Ut at dolor quis odio consequat varius. Integer ac leo. Pellentesque ultrices mattis odio. Donec vitae nisi. Nam ultrices, libero non mattis pulvinar, nulla pede ullamcorper augue, a suscipit nulla elit ac nulla. Sed vel enim sit amet nunc viverra dapibus.', null, 0, null, null, null, 0);
insert into post (Id, UserId, CreateDate, MoodId, Content, EditTime, Flagged, TherapistId, ViewTime, Comment, Deleted) values (104, 16, '2020-07-07T00:43:28Z', 37, null, null, 0, 1, '2020-07-07T00:43:28Z', 'Suspendisse potenti.', 0);
insert into post (Id, UserId, CreateDate, MoodId, Content, EditTime, Flagged, TherapistId, ViewTime, Comment, Deleted) values (105, 16, '2020-07-09T14:13:13Z', 38, null, '2020-07-09T14:13:13Z', 0, 1, '2020-07-09T14:13:13Z', 'Proin at turpis a pede posuere nonummy. Integer non velit. Donec diam neque, vestibulum eget, vulputate ut, ultrices vel, augue. Vestibulum ante ipsum primis in faucibus orci luctus et ultrices posuere cubilia Curae; Donec pharetra, magna vestibulum aliquet ultrices, erat tortor sollicitudin mi, sit amet lobortis sapien sapien non mi. Integer ac neque.', 0);
insert into post (Id, UserId, CreateDate, MoodId, Content, EditTime, Flagged, TherapistId, ViewTime, Comment, Deleted) values (106, 16, '2020-07-06T15:59:10Z', 55, 'Nullam orci pede, venenatis non, sodales sed, tincidunt eu, felis. Fusce posuere felis sed lacus. Morbi sem mauris, laoreet ut, rhoncus aliquet, pulvinar sed, nisl. Nunc rhoncus dui vel sem. Sed sagittis. Nam congue, risus semper porta volutpat, quam pede lobortis ligula, sit amet eleifend pede libero quis orci. Nullam molestie nibh in lectus. Pellentesque at nulla. Suspendisse potenti. Cras in purus eu magna vulputate luctus. Cum sociis natoque penatibus et magnis dis parturient montes, nascetur ridiculus mus. Vivamus vestibulum sagittis sapien. Cum sociis natoque penatibus et magnis dis parturient montes, nascetur ridiculus mus. Etiam vel augue. Vestibulum rutrum rutrum neque. Aenean auctor gravida sem. Praesent Id massa Id nisl venenatis lacinia. Aenean sit amet justo. Morbi ut odio. Cras mi pede, malesuada in, imperdiet et, commodo vulputate, justo. In blandit ultrices enim.', null, 0, 1, '2020-07-06T15:59:10Z', 'Nulla nisl. Nunc nisl. Duis bibendum, felis sed interdum venenatis, turpis enim blandit mi, in porttitor pede justo eu massa.', 0);
insert into post (Id, UserId, CreateDate, MoodId, Content, EditTime, Flagged, TherapistId, ViewTime, Comment, Deleted) values (107, 16, '2020-07-07T02:11:55Z', 18, 'Donec quis orci eget orci vehicula condimentum. Curabitur in libero ut massa volutpat convallis. Morbi odio odio, elementum eu, interdum eu, tincidunt in, leo. Maecenas pulvinar lobortis est. Phasellus sit amet erat. Nulla tempus. Vivamus in felis eu sapien cursus vestibulum. Proin eu mi. Nulla ac enim. In tempor, turpis nec euismod scelerisque, quam turpis adipiscing lorem, vitae mattis nibh ligula nec sem. Duis aliquam convallis nunc. Proin at turpis a pede posuere nonummy. Integer non velit. Donec diam neque, vestibulum eget, vulputate ut, ultrices vel, augue. Vestibulum ante ipsum primis in faucibus orci luctus et ultrices posuere cubilia Curae; Donec pharetra, magna vestibulum aliquet ultrices, erat tortor sollicitudin mi, sit amet lobortis sapien sapien non mi.', null, 0, null, null, null, 0);
insert into post (Id, UserId, CreateDate, MoodId, Content, EditTime, Flagged, TherapistId, ViewTime, Comment, Deleted) values (108, 16, '2020-06-25T08:43:54Z', 71, null, null, 0, null, null, null, 0);
insert into post (Id, UserId, CreateDate, MoodId, Content, EditTime, Flagged, TherapistId, ViewTime, Comment, Deleted) values (109, 16, '2020-07-05T04:27:07Z', 4, 'In blandit ultrices enim. Lorem ipsum dolor sit amet, consectetuer adipiscing elit. Proin interdum mauris non ligula pellentesque ultrices. Phasellus Id sapien in sapien iaculis congue. Vivamus metus arcu, adipiscing molestie, hendrerit at, vulputate vitae, nisl.', null, 0, 1, '2020-07-05T04:27:07Z', 'Maecenas rhoncus aliquam lacus. Morbi quis tortor Id nulla ultrices aliquet.', 0);
insert into post (Id, UserId, CreateDate, MoodId, Content, EditTime, Flagged, TherapistId, ViewTime, Comment, Deleted) values (110, 16, '2020-07-19T05:39:26Z', 59, 'Phasellus in felis. Donec semper sapien a libero. Nam dui. Proin leo odio, porttitor Id, consequat in, consequat ut, nulla. Sed accumsan felis. Ut at dolor quis odio consequat varius. Integer ac leo. Pellentesque ultrices mattis odio. Donec vitae nisi. Nam ultrices, libero non mattis pulvinar, nulla pede ullamcorper augue, a suscipit nulla elit ac nulla. Sed vel enim sit amet nunc viverra dapibus. Nulla suscipit ligula in lacus. Curabitur at ipsum ac tellus semper interdum. Mauris ullamcorper purus sit amet nulla. Quisque arcu libero, rutrum ac, lobortis vel, dapibus at, diam.', null, 0, 1, '2020-07-19T05:39:26Z', 'Duis at velit eu est congue elementum.', 0);
insert into post (Id, UserId, CreateDate, MoodId, Content, EditTime, Flagged, TherapistId, ViewTime, Comment, Deleted) values (111, 17, '2020-07-12T16:24:05Z', 4, 'Mauris lacinia sapien quis libero. Nullam sit amet turpis elementum ligula vehicula consequat. Morbi a ipsum. Integer a nibh. In quis justo. Maecenas rhoncus aliquam lacus. Morbi quis tortor Id nulla ultrices aliquet. Maecenas leo odio, condimentum Id, luctus nec, molestie sed, justo. Pellentesque viverra pede ac diam. Cras pellentesque volutpat dui. Maecenas tristique, est et tempus semper, est quam pharetra magna, ac consequat metus sapien ut nunc. Vestibulum ante ipsum primis in faucibus orci luctus et ultrices posuere cubilia Curae; Mauris viverra diam vitae quam. Suspendisse potenti. Nullam porttitor lacus at turpis. Donec posuere metus vitae ipsum. Aliquam non mauris. Morbi non lectus. Aliquam sit amet diam in magna bibendum imperdiet. Nullam orci pede, venenatis non, sodales sed, tincidunt eu, felis.', null, 0, 2, '2020-07-12T16:24:05Z', 'Maecenas ut massa quis augue luctus tincidunt.', 0);
insert into post (Id, UserId, CreateDate, MoodId, Content, EditTime, Flagged, TherapistId, ViewTime, Comment, Deleted) values (112, 17, '2020-06-15T23:42:01Z', 23, 'Donec dapibus. Duis at velit eu est congue elementum. In hac habitasse platea dictumst. Morbi vestibulum, velit Id pretium iaculis, diam erat fermentum justo, nec condimentum neque sapien placerat ante. Nulla justo. Aliquam quis turpis eget elit sodales scelerisque. Mauris sit amet eros. Suspendisse accumsan tortor quis turpis. Sed ante. Vivamus tortor. Duis mattis egestas metus. Aenean fermentum. Donec ut mauris eget massa tempor convallis. Nulla neque libero, convallis eget, eleifend luctus, ultricies eu, nibh. Quisque Id justo sit amet sapien dignissim vestibulum. Vestibulum ante ipsum primis in faucibus orci luctus et ultrices posuere cubilia Curae; Nulla dapibus dolor vel est. Donec odio justo, sollicitudin ut, suscipit a, feugiat et, eros. Vestibulum ac est lacinia nisi venenatis tristique. Fusce congue, diam Id ornare imperdiet, sapien urna pretium nisl, ut volutpat sapien arcu sed augue.', null, 0, 2, '2020-06-15T23:42:01Z', 'Mauris sit amet eros. Suspendisse accumsan tortor quis turpis. Sed ante. Vivamus tortor. Duis mattis egestas metus.', 0);
insert into post (Id, UserId, CreateDate, MoodId, Content, EditTime, Flagged, TherapistId, ViewTime, Comment, Deleted) values (113, 17, '2020-07-15T05:52:47Z', 24, 'Nulla mollis molestie lorem. Quisque ut erat. Curabitur gravida nisi at nibh. In hac habitasse platea dictumst. Aliquam augue quam, sollicitudin vitae, consectetuer eget, rutrum at, lorem. Integer tincidunt ante vel ipsum. Praesent blandit lacinia erat. Vestibulum sed magna at nunc commodo placerat. Praesent blandit. Nam nulla. Integer pede justo, lacinia eget, tincidunt eget, tempus vel, pede. Morbi porttitor lorem Id ligula. Suspendisse ornare consequat lectus. In est risus, auctor sed, tristique in, tempus sit amet, sem. Fusce consequat. Nulla nisl. Nunc nisl. Duis bibendum, felis sed interdum venenatis, turpis enim blandit mi, in porttitor pede justo eu massa.', null, 0, null, null, null, 0);
insert into post (Id, UserId, CreateDate, MoodId, Content, EditTime, Flagged, TherapistId, ViewTime, Comment, Deleted) values (114, 17, '2020-06-26T10:34:02Z', 67, null, '2020-06-26T10:34:02Z', 0, 2, '2020-06-26T10:34:02Z', 'Proin risus.', 0);
insert into post (Id, UserId, CreateDate, MoodId, Content, EditTime, Flagged, TherapistId, ViewTime, Comment, Deleted) values (115, 17, '2020-07-04T22:14:32Z', 79, 'Duis bibendum, felis sed interdum venenatis, turpis enim blandit mi, in porttitor pede justo eu massa. Donec dapibus. Duis at velit eu est congue elementum. In hac habitasse platea dictumst. Morbi vestibulum, velit Id pretium iaculis, diam erat fermentum justo, nec condimentum neque sapien placerat ante. Nulla justo. Aliquam quis turpis eget elit sodales scelerisque. Mauris sit amet eros. Suspendisse accumsan tortor quis turpis. Sed ante. Vivamus tortor. Duis mattis egestas metus. Aenean fermentum. Donec ut mauris eget massa tempor convallis. Nulla neque libero, convallis eget, eleifend luctus, ultricies eu, nibh. Quisque Id justo sit amet sapien dignissim vestibulum. Vestibulum ante ipsum primis in faucibus orci luctus et ultrices posuere cubilia Curae; Nulla dapibus dolor vel est. Donec odio justo, sollicitudin ut, suscipit a, feugiat et, eros. Vestibulum ac est lacinia nisi venenatis tristique. Fusce congue, diam Id ornare imperdiet, sapien urna pretium nisl, ut volutpat sapien arcu sed augue. Aliquam erat volutpat. In congue.', null, 0, 2, '2020-07-04T22:14:32Z', 'Integer a nibh. In quis justo. Maecenas rhoncus aliquam lacus. Morbi quis tortor Id nulla ultrices aliquet.', 0);
insert into post (Id, UserId, CreateDate, MoodId, Content, EditTime, Flagged, TherapistId, ViewTime, Comment, Deleted) values (116, 17, '2020-07-06T01:34:38Z', 33, 'Nulla ac enim. In tempor, turpis nec euismod scelerisque, quam turpis adipiscing lorem, vitae mattis nibh ligula nec sem. Duis aliquam convallis nunc. Proin at turpis a pede posuere nonummy. Integer non velit. Donec diam neque, vestibulum eget, vulputate ut, ultrices vel, augue. Vestibulum ante ipsum primis in faucibus orci luctus et ultrices posuere cubilia Curae; Donec pharetra, magna vestibulum aliquet ultrices, erat tortor sollicitudin mi, sit amet lobortis sapien sapien non mi. Integer ac neque. Duis bibendum. Morbi non quam nec dui luctus rutrum.', null, 0, 2, '2020-07-06T01:34:38Z', 'Nulla suscipit ligula in lacus. Curabitur at ipsum ac tellus semper interdum. Mauris ullamcorper purus sit amet nulla. Quisque arcu libero, rutrum ac, lobortis vel, dapibus at, diam. Nam tristique tortor eu pede.', 0);
insert into post (Id, UserId, CreateDate, MoodId, Content, EditTime, Flagged, TherapistId, ViewTime, Comment, Deleted) values (117, 17, '2020-06-10T15:03:22Z', 93, null, null, 0, 2, '2020-06-10T15:03:22Z', 'Nulla suscipit ligula in lacus. Curabitur at ipsum ac tellus semper interdum. Mauris ullamcorper purus sit amet nulla. Quisque arcu libero, rutrum ac, lobortis vel, dapibus at, diam. Nam tristique tortor eu pede.', 0);
insert into post (Id, UserId, CreateDate, MoodId, Content, EditTime, Flagged, TherapistId, ViewTime, Comment, Deleted) values (118, 17, '2020-06-04T20:48:14Z', 7, 'Vestibulum sed magna at nunc commodo placerat. Praesent blandit. Nam nulla. Integer pede justo, lacinia eget, tincidunt eget, tempus vel, pede. Morbi porttitor lorem Id ligula. Suspendisse ornare consequat lectus. In est risus, auctor sed, tristique in, tempus sit amet, sem. Fusce consequat. Nulla nisl. Nunc nisl. Duis bibendum, felis sed interdum venenatis, turpis enim blandit mi, in porttitor pede justo eu massa. Donec dapibus. Duis at velit eu est congue elementum. In hac habitasse platea dictumst. Morbi vestibulum, velit Id pretium iaculis, diam erat fermentum justo, nec condimentum neque sapien placerat ante. Nulla justo. Aliquam quis turpis eget elit sodales scelerisque. Mauris sit amet eros. Suspendisse accumsan tortor quis turpis. Sed ante.', null, 0, 2, '2020-06-04T20:48:14Z', 'Vestibulum sed magna at nunc commodo placerat. Praesent blandit. Nam nulla.', 0);
insert into post (Id, UserId, CreateDate, MoodId, Content, EditTime, Flagged, TherapistId, ViewTime, Comment, Deleted) values (119, 17, '2020-06-27T04:02:39Z', 77, 'Mauris enim leo, rhoncus sed, vestibulum sit amet, cursus Id, turpis. Integer aliquet, massa Id lobortis convallis, tortor risus dapibus augue, vel accumsan tellus nisi eu orci. Mauris lacinia sapien quis libero. Nullam sit amet turpis elementum ligula vehicula consequat. Morbi a ipsum. Integer a nibh. In quis justo. Maecenas rhoncus aliquam lacus. Morbi quis tortor Id nulla ultrices aliquet. Maecenas leo odio, condimentum Id, luctus nec, molestie sed, justo. Pellentesque viverra pede ac diam.', null, 0, 2, '2020-06-27T04:02:39Z', 'Vivamus in felis eu sapien cursus vestibulum. Proin eu mi. Nulla ac enim. In tempor, turpis nec euismod scelerisque, quam turpis adipiscing lorem, vitae mattis nibh ligula nec sem. Duis aliquam convallis nunc.', 0);
insert into post (Id, UserId, CreateDate, MoodId, Content, EditTime, Flagged, TherapistId, ViewTime, Comment, Deleted) values (120, 17, '2020-07-19T05:44:17Z', 10, 'Donec posuere metus vitae ipsum. Aliquam non mauris. Morbi non lectus. Aliquam sit amet diam in magna bibendum imperdiet. Nullam orci pede, venenatis non, sodales sed, tincidunt eu, felis. Fusce posuere felis sed lacus. Morbi sem mauris, laoreet ut, rhoncus aliquet, pulvinar sed, nisl. Nunc rhoncus dui vel sem. Sed sagittis. Nam congue, risus semper porta volutpat, quam pede lobortis ligula, sit amet eleifend pede libero quis orci. Nullam molestie nibh in lectus. Pellentesque at nulla.', null, 0, 2, '2020-07-19T05:44:17Z', 'Mauris enim leo, rhoncus sed, vestibulum sit amet, cursus Id, turpis.', 0);
insert into post (Id, UserId, CreateDate, MoodId, Content, EditTime, Flagged, TherapistId, ViewTime, Comment, Deleted) values (121, 18, '2020-07-10T05:00:34Z', 62, 'Praesent blandit lacinia erat. Vestibulum sed magna at nunc commodo placerat. Praesent blandit. Nam nulla. Integer pede justo, lacinia eget, tincidunt eget, tempus vel, pede. Morbi porttitor lorem Id ligula. Suspendisse ornare consequat lectus. In est risus, auctor sed, tristique in, tempus sit amet, sem. Fusce consequat. Nulla nisl. Nunc nisl. Duis bibendum, felis sed interdum venenatis, turpis enim blandit mi, in porttitor pede justo eu massa. Donec dapibus. Duis at velit eu est congue elementum. In hac habitasse platea dictumst. Morbi vestibulum, velit Id pretium iaculis, diam erat fermentum justo, nec condimentum neque sapien placerat ante. Nulla justo.', null, 0, null, null, null, 0);
insert into post (Id, UserId, CreateDate, MoodId, Content, EditTime, Flagged, TherapistId, ViewTime, Comment, Deleted) values (122, 18, '2020-06-21T00:30:41Z', 10, 'Sed ante. Vivamus tortor. Duis mattis egestas metus. Aenean fermentum. Donec ut mauris eget massa tempor convallis. Nulla neque libero, convallis eget, eleifend luctus, ultricies eu, nibh.', null, 0, null, null, null, 0);
insert into post (Id, UserId, CreateDate, MoodId, Content, EditTime, Flagged, TherapistId, ViewTime, Comment, Deleted) values (123, 18, '2020-07-08T12:02:18Z', 23, 'Cum sociis natoque penatibus et magnis dis parturient montes, nascetur ridiculus mus. Etiam vel augue. Vestibulum rutrum rutrum neque. Aenean auctor gravida sem. Praesent Id massa Id nisl venenatis lacinia. Aenean sit amet justo. Morbi ut odio. Cras mi pede, malesuada in, imperdiet et, commodo vulputate, justo. In blandit ultrices enim. Lorem ipsum dolor sit amet, consectetuer adipiscing elit. Proin interdum mauris non ligula pellentesque ultrices. Phasellus Id sapien in sapien iaculis congue.', null, 0, 3, '2020-07-08T12:02:18Z', 'Fusce posuere felis sed lacus. Morbi sem mauris, laoreet ut, rhoncus aliquet, pulvinar sed, nisl. Nunc rhoncus dui vel sem. Sed sagittis.', 0);
insert into post (Id, UserId, CreateDate, MoodId, Content, EditTime, Flagged, TherapistId, ViewTime, Comment, Deleted) values (124, 18, '2020-07-18T03:28:50Z', 12, 'Quisque ut erat. Curabitur gravida nisi at nibh. In hac habitasse platea dictumst. Aliquam augue quam, sollicitudin vitae, consectetuer eget, rutrum at, lorem. Integer tincidunt ante vel ipsum. Praesent blandit lacinia erat. Vestibulum sed magna at nunc commodo placerat.', null, 0, null, null, null, 0);
insert into post (Id, UserId, CreateDate, MoodId, Content, EditTime, Flagged, TherapistId, ViewTime, Comment, Deleted) values (125, 18, '2020-07-06T11:55:40Z', 44, 'Duis mattis egestas metus. Aenean fermentum. Donec ut mauris eget massa tempor convallis. Nulla neque libero, convallis eget, eleifend luctus, ultricies eu, nibh. Quisque Id justo sit amet sapien dignissim vestibulum. Vestibulum ante ipsum primis in faucibus orci luctus et ultrices posuere cubilia Curae; Nulla dapibus dolor vel est. Donec odio justo, sollicitudin ut, suscipit a, feugiat et, eros. Vestibulum ac est lacinia nisi venenatis tristique. Fusce congue, diam Id ornare imperdiet, sapien urna pretium nisl, ut volutpat sapien arcu sed augue.', null, 0, null, null, null, 0);
insert into post (Id, UserId, CreateDate, MoodId, Content, EditTime, Flagged, TherapistId, ViewTime, Comment, Deleted) values (126, 18, '2020-07-16T05:52:40Z', 29, 'Mauris enim leo, rhoncus sed, vestibulum sit amet, cursus Id, turpis. Integer aliquet, massa Id lobortis convallis, tortor risus dapibus augue, vel accumsan tellus nisi eu orci. Mauris lacinia sapien quis libero. Nullam sit amet turpis elementum ligula vehicula consequat. Morbi a ipsum. Integer a nibh. In quis justo. Maecenas rhoncus aliquam lacus. Morbi quis tortor Id nulla ultrices aliquet. Maecenas leo odio, condimentum Id, luctus nec, molestie sed, justo. Pellentesque viverra pede ac diam. Cras pellentesque volutpat dui. Maecenas tristique, est et tempus semper, est quam pharetra magna, ac consequat metus sapien ut nunc. Vestibulum ante ipsum primis in faucibus orci luctus et ultrices posuere cubilia Curae; Mauris viverra diam vitae quam. Suspendisse potenti.', null, 0, 3, '2020-07-16T05:52:40Z', 'Praesent lectus. Vestibulum quam sapien, varius ut, blandit non, interdum in, ante. Vestibulum ante ipsum primis in faucibus orci luctus et ultrices posuere cubilia Curae; Duis faucibus accumsan odio. Curabitur convallis.', 0);
insert into post (Id, UserId, CreateDate, MoodId, Content, EditTime, Flagged, TherapistId, ViewTime, Comment, Deleted) values (127, 18, '2020-07-09T13:45:54Z', 87, null, '2020-07-09T13:45:54Z', 0, 3, '2020-07-09T13:45:54Z', 'Nulla facilisi. Cras non velit nec nisi vulputate nonummy. Maecenas tincidunt lacus at velit.', 0);
insert into post (Id, UserId, CreateDate, MoodId, Content, EditTime, Flagged, TherapistId, ViewTime, Comment, Deleted) values (128, 18, '2020-06-28T01:12:55Z', 89, 'Nulla ut erat Id mauris vulputate elementum. Nullam varius. Nulla facilisi. Cras non velit nec nisi vulputate nonummy. Maecenas tincidunt lacus at velit. Vivamus vel nulla eget eros elementum pellentesque. Quisque porta volutpat erat. Quisque erat eros, viverra eget, congue eget, semper rutrum, nulla. Nunc purus. Phasellus in felis. Donec semper sapien a libero. Nam dui. Proin leo odio, porttitor Id, consequat in, consequat ut, nulla. Sed accumsan felis. Ut at dolor quis odio consequat varius. Integer ac leo. Pellentesque ultrices mattis odio. Donec vitae nisi. Nam ultrices, libero non mattis pulvinar, nulla pede ullamcorper augue, a suscipit nulla elit ac nulla. Sed vel enim sit amet nunc viverra dapibus. Nulla suscipit ligula in lacus. Curabitur at ipsum ac tellus semper interdum.', null, 0, null, null, null, 0);
insert into post (Id, UserId, CreateDate, MoodId, Content, EditTime, Flagged, TherapistId, ViewTime, Comment, Deleted) values (129, 18, '2020-06-24T20:21:25Z', 71, 'Morbi non lectus. Aliquam sit amet diam in magna bibendum imperdiet. Nullam orci pede, venenatis non, sodales sed, tincidunt eu, felis. Fusce posuere felis sed lacus. Morbi sem mauris, laoreet ut, rhoncus aliquet, pulvinar sed, nisl. Nunc rhoncus dui vel sem. Sed sagittis. Nam congue, risus semper porta volutpat, quam pede lobortis ligula, sit amet eleifend pede libero quis orci. Nullam molestie nibh in lectus. Pellentesque at nulla. Suspendisse potenti. Cras in purus eu magna vulputate luctus. Cum sociis natoque penatibus et magnis dis parturient montes, nascetur ridiculus mus. Vivamus vestibulum sagittis sapien. Cum sociis natoque penatibus et magnis dis parturient montes, nascetur ridiculus mus. Etiam vel augue. Vestibulum rutrum rutrum neque. Aenean auctor gravida sem. Praesent Id massa Id nisl venenatis lacinia. Aenean sit amet justo. Morbi ut odio. Cras mi pede, malesuada in, imperdiet et, commodo vulputate, justo. In blandit ultrices enim. Lorem ipsum dolor sit amet, consectetuer adipiscing elit.', null, 0, 3, '2020-06-24T20:21:25Z', 'Quisque ut erat. Curabitur gravida nisi at nibh. In hac habitasse platea dictumst. Aliquam augue quam, sollicitudin vitae, consectetuer eget, rutrum at, lorem.', 0);
insert into post (Id, UserId, CreateDate, MoodId, Content, EditTime, Flagged, TherapistId, ViewTime, Comment, Deleted) values (130, 18, '2020-06-22T16:05:35Z', 33, 'Nulla tellus. In sagittis dui vel nisl. Duis ac nibh. Fusce lacus purus, aliquet at, feugiat non, pretium quis, lectus. Suspendisse potenti. In eleifend quam a odio. In hac habitasse platea dictumst. Maecenas ut massa quis augue luctus tincidunt. Nulla mollis molestie lorem. Quisque ut erat. Curabitur gravida nisi at nibh. In hac habitasse platea dictumst. Aliquam augue quam, sollicitudin vitae, consectetuer eget, rutrum at, lorem. Integer tincidunt ante vel ipsum. Praesent blandit lacinia erat.', null, 0, 3, '2020-06-22T16:05:35Z', 'Nulla tempus. Vivamus in felis eu sapien cursus vestibulum. Proin eu mi. Nulla ac enim.', 0);
insert into post (Id, UserId, CreateDate, MoodId, Content, EditTime, Flagged, TherapistId, ViewTime, Comment, Deleted) values (131, 19, '2020-06-09T20:50:29Z', 15, 'In hac habitasse platea dictumst. Aliquam augue quam, sollicitudin vitae, consectetuer eget, rutrum at, lorem. Integer tincidunt ante vel ipsum. Praesent blandit lacinia erat. Vestibulum sed magna at nunc commodo placerat. Praesent blandit. Nam nulla. Integer pede justo, lacinia eget, tincidunt eget, tempus vel, pede. Morbi porttitor lorem Id ligula.', null, 0, null, null, null, 0);
insert into post (Id, UserId, CreateDate, MoodId, Content, EditTime, Flagged, TherapistId, ViewTime, Comment, Deleted) values (132, 19, '2020-07-08T22:13:12Z', 90, 'Vestibulum rutrum rutrum neque. Aenean auctor gravida sem. Praesent Id massa Id nisl venenatis lacinia. Aenean sit amet justo. Morbi ut odio. Cras mi pede, malesuada in, imperdiet et, commodo vulputate, justo. In blandit ultrices enim. Lorem ipsum dolor sit amet, consectetuer adipiscing elit. Proin interdum mauris non ligula pellentesque ultrices. Phasellus Id sapien in sapien iaculis congue. Vivamus metus arcu, adipiscing molestie, hendrerit at, vulputate vitae, nisl. Aenean lectus. Pellentesque eget nunc. Donec quis orci eget orci vehicula condimentum. Curabitur in libero ut massa volutpat convallis. Morbi odio odio, elementum eu, interdum eu, tincidunt in, leo. Maecenas pulvinar lobortis est. Phasellus sit amet erat. Nulla tempus. Vivamus in felis eu sapien cursus vestibulum. Proin eu mi. Nulla ac enim.', null, 0, 4, '2020-07-08T22:13:12Z', 'Donec quis orci eget orci vehicula condimentum.', 0);
insert into post (Id, UserId, CreateDate, MoodId, Content, EditTime, Flagged, TherapistId, ViewTime, Comment, Deleted) values (133, 19, '2020-06-06T17:47:32Z', 39, null, null, 0, 4, '2020-06-06T17:47:32Z', 'Nulla facilisi.', 0);
insert into post (Id, UserId, CreateDate, MoodId, Content, EditTime, Flagged, TherapistId, ViewTime, Comment, Deleted) values (134, 19, '2020-06-25T09:43:36Z', 74, 'Cum sociis natoque penatibus et magnis dis parturient montes, nascetur ridiculus mus. Etiam vel augue. Vestibulum rutrum rutrum neque. Aenean auctor gravida sem. Praesent Id massa Id nisl venenatis lacinia. Aenean sit amet justo. Morbi ut odio. Cras mi pede, malesuada in, imperdiet et, commodo vulputate, justo. In blandit ultrices enim. Lorem ipsum dolor sit amet, consectetuer adipiscing elit. Proin interdum mauris non ligula pellentesque ultrices. Phasellus Id sapien in sapien iaculis congue. Vivamus metus arcu, adipiscing molestie, hendrerit at, vulputate vitae, nisl. Aenean lectus. Pellentesque eget nunc. Donec quis orci eget orci vehicula condimentum. Curabitur in libero ut massa volutpat convallis. Morbi odio odio, elementum eu, interdum eu, tincidunt in, leo. Maecenas pulvinar lobortis est. Phasellus sit amet erat. Nulla tempus. Vivamus in felis eu sapien cursus vestibulum. Proin eu mi. Nulla ac enim. In tempor, turpis nec euismod scelerisque, quam turpis adipiscing lorem, vitae mattis nibh ligula nec sem.', null, 0, null, null, null, 0);
insert into post (Id, UserId, CreateDate, MoodId, Content, EditTime, Flagged, TherapistId, ViewTime, Comment, Deleted) values (135, 19, '2020-06-02T23:41:48Z', 14, null, null, 0, null, null, null, 0);
insert into post (Id, UserId, CreateDate, MoodId, Content, EditTime, Flagged, TherapistId, ViewTime, Comment, Deleted) values (136, 19, '2020-06-19T12:01:58Z', 66, 'Aliquam quis turpis eget elit sodales scelerisque. Mauris sit amet eros. Suspendisse accumsan tortor quis turpis. Sed ante. Vivamus tortor. Duis mattis egestas metus. Aenean fermentum. Donec ut mauris eget massa tempor convallis. Nulla neque libero, convallis eget, eleifend luctus, ultricies eu, nibh. Quisque Id justo sit amet sapien dignissim vestibulum. Vestibulum ante ipsum primis in faucibus orci luctus et ultrices posuere cubilia Curae; Nulla dapibus dolor vel est. Donec odio justo, sollicitudin ut, suscipit a, feugiat et, eros. Vestibulum ac est lacinia nisi venenatis tristique. Fusce congue, diam Id ornare imperdiet, sapien urna pretium nisl, ut volutpat sapien arcu sed augue. Aliquam erat volutpat. In congue. Etiam justo. Etiam pretium iaculis justo. In hac habitasse platea dictumst. Etiam faucibus cursus urna. Ut tellus. Nulla ut erat Id mauris vulputate elementum. Nullam varius. Nulla facilisi. Cras non velit nec nisi vulputate nonummy.', null, 0, null, null, null, 0);
insert into post (Id, UserId, CreateDate, MoodId, Content, EditTime, Flagged, TherapistId, ViewTime, Comment, Deleted) values (137, 19, '2020-06-28T11:55:13Z', 42, null, null, 0, null, null, null, 0);
insert into post (Id, UserId, CreateDate, MoodId, Content, EditTime, Flagged, TherapistId, ViewTime, Comment, Deleted) values (138, 19, '2020-06-02T06:51:38Z', 83, 'Suspendisse ornare consequat lectus. In est risus, auctor sed, tristique in, tempus sit amet, sem. Fusce consequat. Nulla nisl. Nunc nisl. Duis bibendum, felis sed interdum venenatis, turpis enim blandit mi, in porttitor pede justo eu massa. Donec dapibus. Duis at velit eu est congue elementum. In hac habitasse platea dictumst. Morbi vestibulum, velit Id pretium iaculis, diam erat fermentum justo, nec condimentum neque sapien placerat ante. Nulla justo. Aliquam quis turpis eget elit sodales scelerisque. Mauris sit amet eros. Suspendisse accumsan tortor quis turpis. Sed ante. Vivamus tortor. Duis mattis egestas metus. Aenean fermentum. Donec ut mauris eget massa tempor convallis. Nulla neque libero, convallis eget, eleifend luctus, ultricies eu, nibh. Quisque Id justo sit amet sapien dignissim vestibulum.', null, 0, null, null, null, 0);
insert into post (Id, UserId, CreateDate, MoodId, Content, EditTime, Flagged, TherapistId, ViewTime, Comment, Deleted) values (139, 19, '2020-06-05T15:59:28Z', 89, 'Vestibulum quam sapien, varius ut, blandit non, interdum in, ante. Vestibulum ante ipsum primis in faucibus orci luctus et ultrices posuere cubilia Curae; Duis faucibus accumsan odio. Curabitur convallis. Duis consequat dui nec nisi volutpat eleifend. Donec ut dolor. Morbi vel lectus in quam fringilla rhoncus. Mauris enim leo, rhoncus sed, vestibulum sit amet, cursus Id, turpis. Integer aliquet, massa Id lobortis convallis, tortor risus dapibus augue, vel accumsan tellus nisi eu orci. Mauris lacinia sapien quis libero. Nullam sit amet turpis elementum ligula vehicula consequat. Morbi a ipsum. Integer a nibh. In quis justo. Maecenas rhoncus aliquam lacus. Morbi quis tortor Id nulla ultrices aliquet. Maecenas leo odio, condimentum Id, luctus nec, molestie sed, justo. Pellentesque viverra pede ac diam. Cras pellentesque volutpat dui. Maecenas tristique, est et tempus semper, est quam pharetra magna, ac consequat metus sapien ut nunc. Vestibulum ante ipsum primis in faucibus orci luctus et ultrices posuere cubilia Curae; Mauris viverra diam vitae quam.', null, 0, null, null, null, 0);
insert into post (Id, UserId, CreateDate, MoodId, Content, EditTime, Flagged, TherapistId, ViewTime, Comment, Deleted) values (140, 19, '2020-07-04T13:46:05Z', 57, null, '2020-07-04T13:46:05Z', 0, 4, '2020-07-04T13:46:05Z', 'Duis aliquam convallis nunc.', 0);
insert into post (Id, UserId, CreateDate, MoodId, Content, EditTime, Flagged, TherapistId, ViewTime, Comment, Deleted) values (141, 20, '2020-07-16T18:26:53Z', 84, 'Morbi quis tortor Id nulla ultrices aliquet. Maecenas leo odio, condimentum Id, luctus nec, molestie sed, justo. Pellentesque viverra pede ac diam. Cras pellentesque volutpat dui. Maecenas tristique, est et tempus semper, est quam pharetra magna, ac consequat metus sapien ut nunc.', null, 0, 5, '2020-07-16T18:26:53Z', 'Nam ultrices, libero non mattis pulvinar, nulla pede ullamcorper augue, a suscipit nulla elit ac nulla. Sed vel enim sit amet nunc viverra dapibus. Nulla suscipit ligula in lacus.', 0);
insert into post (Id, UserId, CreateDate, MoodId, Content, EditTime, Flagged, TherapistId, ViewTime, Comment, Deleted) values (142, 20, '2020-07-06T00:34:45Z', 54, 'Aenean auctor gravida sem. Praesent Id massa Id nisl venenatis lacinia. Aenean sit amet justo. Morbi ut odio. Cras mi pede, malesuada in, imperdiet et, commodo vulputate, justo. In blandit ultrices enim. Lorem ipsum dolor sit amet, consectetuer adipiscing elit. Proin interdum mauris non ligula pellentesque ultrices. Phasellus Id sapien in sapien iaculis congue. Vivamus metus arcu, adipiscing molestie, hendrerit at, vulputate vitae, nisl. Aenean lectus. Pellentesque eget nunc. Donec quis orci eget orci vehicula condimentum. Curabitur in libero ut massa volutpat convallis. Morbi odio odio, elementum eu, interdum eu, tincidunt in, leo. Maecenas pulvinar lobortis est. Phasellus sit amet erat. Nulla tempus. Vivamus in felis eu sapien cursus vestibulum. Proin eu mi. Nulla ac enim.', null, 0, null, null, null, 0);
insert into post (Id, UserId, CreateDate, MoodId, Content, EditTime, Flagged, TherapistId, ViewTime, Comment, Deleted) values (143, 20, '2020-06-22T12:07:04Z', 92, 'Proin at turpis a pede posuere nonummy. Integer non velit. Donec diam neque, vestibulum eget, vulputate ut, ultrices vel, augue. Vestibulum ante ipsum primis in faucibus orci luctus et ultrices posuere cubilia Curae; Donec pharetra, magna vestibulum aliquet ultrices, erat tortor sollicitudin mi, sit amet lobortis sapien sapien non mi. Integer ac neque. Duis bibendum. Morbi non quam nec dui luctus rutrum. Nulla tellus. In sagittis dui vel nisl. Duis ac nibh. Fusce lacus purus, aliquet at, feugiat non, pretium quis, lectus. Suspendisse potenti. In eleifend quam a odio. In hac habitasse platea dictumst. Maecenas ut massa quis augue luctus tincidunt. Nulla mollis molestie lorem. Quisque ut erat. Curabitur gravida nisi at nibh. In hac habitasse platea dictumst. Aliquam augue quam, sollicitudin vitae, consectetuer eget, rutrum at, lorem. Integer tincidunt ante vel ipsum. Praesent blandit lacinia erat.', null, 0, 5, '2020-06-22T12:07:04Z', 'Sed accumsan felis. Ut at dolor quis odio consequat varius. Integer ac leo. Pellentesque ultrices mattis odio.', 0);
insert into post (Id, UserId, CreateDate, MoodId, Content, EditTime, Flagged, TherapistId, ViewTime, Comment, Deleted) values (144, 20, '2020-07-06T03:25:30Z', 95, null, null, 0, null, null, null, 0);
insert into post (Id, UserId, CreateDate, MoodId, Content, EditTime, Flagged, TherapistId, ViewTime, Comment, Deleted) values (145, 20, '2020-07-05T11:44:57Z', 81, 'Phasellus sit amet erat. Nulla tempus. Vivamus in felis eu sapien cursus vestibulum. Proin eu mi. Nulla ac enim. In tempor, turpis nec euismod scelerisque, quam turpis adipiscing lorem, vitae mattis nibh ligula nec sem. Duis aliquam convallis nunc. Proin at turpis a pede posuere nonummy. Integer non velit. Donec diam neque, vestibulum eget, vulputate ut, ultrices vel, augue. Vestibulum ante ipsum primis in faucibus orci luctus et ultrices posuere cubilia Curae; Donec pharetra, magna vestibulum aliquet ultrices, erat tortor sollicitudin mi, sit amet lobortis sapien sapien non mi. Integer ac neque. Duis bibendum. Morbi non quam nec dui luctus rutrum. Nulla tellus. In sagittis dui vel nisl. Duis ac nibh. Fusce lacus purus, aliquet at, feugiat non, pretium quis, lectus. Suspendisse potenti. In eleifend quam a odio.', null, 0, 5, '2020-07-05T11:44:57Z', 'In eleifend quam a odio. In hac habitasse platea dictumst. Maecenas ut massa quis augue luctus tincidunt. Nulla mollis molestie lorem.', 0);
insert into post (Id, UserId, CreateDate, MoodId, Content, EditTime, Flagged, TherapistId, ViewTime, Comment, Deleted) values (146, 20, '2020-06-15T02:40:27Z', 81, 'Nullam porttitor lacus at turpis. Donec posuere metus vitae ipsum. Aliquam non mauris. Morbi non lectus. Aliquam sit amet diam in magna bibendum imperdiet. Nullam orci pede, venenatis non, sodales sed, tincidunt eu, felis.', null, 0, 5, '2020-06-15T02:40:27Z', 'Vestibulum ante ipsum primis in faucibus orci luctus et ultrices posuere cubilia Curae; Mauris viverra diam vitae quam. Suspendisse potenti. Nullam porttitor lacus at turpis. Donec posuere metus vitae ipsum.', 0);
insert into post (Id, UserId, CreateDate, MoodId, Content, EditTime, Flagged, TherapistId, ViewTime, Comment, Deleted) values (147, 20, '2020-06-15T08:50:01Z', 66, null, null, 0, null, null, null, 0);
insert into post (Id, UserId, CreateDate, MoodId, Content, EditTime, Flagged, TherapistId, ViewTime, Comment, Deleted) values (148, 20, '2020-07-08T18:21:52Z', 79, 'Morbi vestibulum, velit Id pretium iaculis, diam erat fermentum justo, nec condimentum neque sapien placerat ante. Nulla justo. Aliquam quis turpis eget elit sodales scelerisque. Mauris sit amet eros. Suspendisse accumsan tortor quis turpis. Sed ante. Vivamus tortor. Duis mattis egestas metus. Aenean fermentum. Donec ut mauris eget massa tempor convallis. Nulla neque libero, convallis eget, eleifend luctus, ultricies eu, nibh. Quisque Id justo sit amet sapien dignissim vestibulum. Vestibulum ante ipsum primis in faucibus orci luctus et ultrices posuere cubilia Curae; Nulla dapibus dolor vel est. Donec odio justo, sollicitudin ut, suscipit a, feugiat et, eros. Vestibulum ac est lacinia nisi venenatis tristique. Fusce congue, diam Id ornare imperdiet, sapien urna pretium nisl, ut volutpat sapien arcu sed augue. Aliquam erat volutpat. In congue. Etiam justo. Etiam pretium iaculis justo.', null, 0, 5, '2020-07-08T18:21:52Z', 'Maecenas leo odio, condimentum Id, luctus nec, molestie sed, justo. Pellentesque viverra pede ac diam. Cras pellentesque volutpat dui.', 0);
insert into post (Id, UserId, CreateDate, MoodId, Content, EditTime, Flagged, TherapistId, ViewTime, Comment, Deleted) values (149, 20, '2020-06-16T19:47:37Z', 76, 'Proin at turpis a pede posuere nonummy. Integer non velit. Donec diam neque, vestibulum eget, vulputate ut, ultrices vel, augue. Vestibulum ante ipsum primis in faucibus orci luctus et ultrices posuere cubilia Curae; Donec pharetra, magna vestibulum aliquet ultrices, erat tortor sollicitudin mi, sit amet lobortis sapien sapien non mi. Integer ac neque. Duis bibendum.', null, 0, 5, '2020-06-16T19:47:37Z', 'Morbi a ipsum.', 0);
insert into post (Id, UserId, CreateDate, MoodId, Content, EditTime, Flagged, TherapistId, ViewTime, Comment, Deleted) values (150, 20, '2020-06-25T16:54:15Z', 58, 'Integer aliquet, massa Id lobortis convallis, tortor risus dapibus augue, vel accumsan tellus nisi eu orci. Mauris lacinia sapien quis libero. Nullam sit amet turpis elementum ligula vehicula consequat. Morbi a ipsum. Integer a nibh. In quis justo. Maecenas rhoncus aliquam lacus. Morbi quis tortor Id nulla ultrices aliquet. Maecenas leo odio, condimentum Id, luctus nec, molestie sed, justo. Pellentesque viverra pede ac diam. Cras pellentesque volutpat dui. Maecenas tristique, est et tempus semper, est quam pharetra magna, ac consequat metus sapien ut nunc. Vestibulum ante ipsum primis in faucibus orci luctus et ultrices posuere cubilia Curae; Mauris viverra diam vitae quam. Suspendisse potenti. Nullam porttitor lacus at turpis.', '2020-06-25T16:54:15Z', 0, null, null, null, 0);
insert into post (Id, UserId, CreateDate, MoodId, Content, EditTime, Flagged, TherapistId, ViewTime, Comment, Deleted) values (151, 21, '2020-07-17T11:09:55Z', 82, 'Ut tellus. Nulla ut erat Id mauris vulputate elementum. Nullam varius. Nulla facilisi. Cras non velit nec nisi vulputate nonummy. Maecenas tincidunt lacus at velit. Vivamus vel nulla eget eros elementum pellentesque. Quisque porta volutpat erat. Quisque erat eros, viverra eget, congue eget, semper rutrum, nulla. Nunc purus. Phasellus in felis. Donec semper sapien a libero. Nam dui. Proin leo odio, porttitor Id, consequat in, consequat ut, nulla. Sed accumsan felis. Ut at dolor quis odio consequat varius.', null, 0, null, null, null, 0);
insert into post (Id, UserId, CreateDate, MoodId, Content, EditTime, Flagged, TherapistId, ViewTime, Comment, Deleted) values (152, 21, '2020-07-18T19:28:51Z', 26, 'Lorem ipsum dolor sit amet, consectetuer adipiscing elit. Proin interdum mauris non ligula pellentesque ultrices. Phasellus Id sapien in sapien iaculis congue. Vivamus metus arcu, adipiscing molestie, hendrerit at, vulputate vitae, nisl. Aenean lectus.', null, 0, null, null, null, 0);
insert into post (Id, UserId, CreateDate, MoodId, Content, EditTime, Flagged, TherapistId, ViewTime, Comment, Deleted) values (153, 21, '2020-07-02T10:02:48Z', 84, 'Morbi non quam nec dui luctus rutrum. Nulla tellus. In sagittis dui vel nisl. Duis ac nibh. Fusce lacus purus, aliquet at, feugiat non, pretium quis, lectus. Suspendisse potenti. In eleifend quam a odio. In hac habitasse platea dictumst. Maecenas ut massa quis augue luctus tincidunt. Nulla mollis molestie lorem. Quisque ut erat. Curabitur gravida nisi at nibh. In hac habitasse platea dictumst. Aliquam augue quam, sollicitudin vitae, consectetuer eget, rutrum at, lorem. Integer tincidunt ante vel ipsum. Praesent blandit lacinia erat. Vestibulum sed magna at nunc commodo placerat. Praesent blandit. Nam nulla. Integer pede justo, lacinia eget, tincidunt eget, tempus vel, pede. Morbi porttitor lorem Id ligula. Suspendisse ornare consequat lectus. In est risus, auctor sed, tristique in, tempus sit amet, sem.', null, 0, null, null, null, 0);
insert into post (Id, UserId, CreateDate, MoodId, Content, EditTime, Flagged, TherapistId, ViewTime, Comment, Deleted) values (154, 21, '2020-06-19T03:57:02Z', 76, 'In hac habitasse platea dictumst. Aliquam augue quam, sollicitudin vitae, consectetuer eget, rutrum at, lorem. Integer tincidunt ante vel ipsum. Praesent blandit lacinia erat. Vestibulum sed magna at nunc commodo placerat. Praesent blandit. Nam nulla. Integer pede justo, lacinia eget, tincidunt eget, tempus vel, pede. Morbi porttitor lorem Id ligula. Suspendisse ornare consequat lectus. In est risus, auctor sed, tristique in, tempus sit amet, sem. Fusce consequat. Nulla nisl. Nunc nisl. Duis bibendum, felis sed interdum venenatis, turpis enim blandit mi, in porttitor pede justo eu massa. Donec dapibus. Duis at velit eu est congue elementum. In hac habitasse platea dictumst. Morbi vestibulum, velit Id pretium iaculis, diam erat fermentum justo, nec condimentum neque sapien placerat ante. Nulla justo. Aliquam quis turpis eget elit sodales scelerisque. Mauris sit amet eros. Suspendisse accumsan tortor quis turpis.', null, 0, null, null, null, 0);
insert into post (Id, UserId, CreateDate, MoodId, Content, EditTime, Flagged, TherapistId, ViewTime, Comment, Deleted) values (155, 21, '2020-06-30T10:49:54Z', 33, null, null, 0, 1, '2020-06-30T10:49:54Z', 'Praesent Id massa Id nisl venenatis lacinia. Aenean sit amet justo.', 0);
insert into post (Id, UserId, CreateDate, MoodId, Content, EditTime, Flagged, TherapistId, ViewTime, Comment, Deleted) values (156, 21, '2020-07-09T18:00:23Z', 78, 'Nunc rhoncus dui vel sem. Sed sagittis. Nam congue, risus semper porta volutpat, quam pede lobortis ligula, sit amet eleifend pede libero quis orci. Nullam molestie nibh in lectus. Pellentesque at nulla. Suspendisse potenti. Cras in purus eu magna vulputate luctus. Cum sociis natoque penatibus et magnis dis parturient montes, nascetur ridiculus mus. Vivamus vestibulum sagittis sapien.', null, 0, 1, '2020-07-09T18:00:23Z', 'Nam congue, risus semper porta volutpat, quam pede lobortis ligula, sit amet eleifend pede libero quis orci. Nullam molestie nibh in lectus. Pellentesque at nulla. Suspendisse potenti.', 0);
insert into post (Id, UserId, CreateDate, MoodId, Content, EditTime, Flagged, TherapistId, ViewTime, Comment, Deleted) values (157, 21, '2020-06-13T05:44:23Z', 59, null, null, 0, null, null, null, 0);
insert into post (Id, UserId, CreateDate, MoodId, Content, EditTime, Flagged, TherapistId, ViewTime, Comment, Deleted) values (158, 21, '2020-07-09T07:23:30Z', 12, null, null, 0, null, null, null, 0);
insert into post (Id, UserId, CreateDate, MoodId, Content, EditTime, Flagged, TherapistId, ViewTime, Comment, Deleted) values (159, 21, '2020-06-05T15:36:29Z', 47, 'Vivamus vestibulum sagittis sapien. Cum sociis natoque penatibus et magnis dis parturient montes, nascetur ridiculus mus. Etiam vel augue. Vestibulum rutrum rutrum neque. Aenean auctor gravida sem. Praesent Id massa Id nisl venenatis lacinia. Aenean sit amet justo. Morbi ut odio. Cras mi pede, malesuada in, imperdiet et, commodo vulputate, justo. In blandit ultrices enim. Lorem ipsum dolor sit amet, consectetuer adipiscing elit. Proin interdum mauris non ligula pellentesque ultrices. Phasellus Id sapien in sapien iaculis congue. Vivamus metus arcu, adipiscing molestie, hendrerit at, vulputate vitae, nisl. Aenean lectus. Pellentesque eget nunc. Donec quis orci eget orci vehicula condimentum. Curabitur in libero ut massa volutpat convallis.', null, 0, null, null, null, 0);
insert into post (Id, UserId, CreateDate, MoodId, Content, EditTime, Flagged, TherapistId, ViewTime, Comment, Deleted) values (160, 21, '2020-06-05T08:00:47Z', 88, 'Maecenas tristique, est et tempus semper, est quam pharetra magna, ac consequat metus sapien ut nunc. Vestibulum ante ipsum primis in faucibus orci luctus et ultrices posuere cubilia Curae; Mauris viverra diam vitae quam. Suspendisse potenti. Nullam porttitor lacus at turpis. Donec posuere metus vitae ipsum. Aliquam non mauris. Morbi non lectus. Aliquam sit amet diam in magna bibendum imperdiet. Nullam orci pede, venenatis non, sodales sed, tincidunt eu, felis. Fusce posuere felis sed lacus. Morbi sem mauris, laoreet ut, rhoncus aliquet, pulvinar sed, nisl. Nunc rhoncus dui vel sem. Sed sagittis. Nam congue, risus semper porta volutpat, quam pede lobortis ligula, sit amet eleifend pede libero quis orci. Nullam molestie nibh in lectus. Pellentesque at nulla. Suspendisse potenti.', null, 0, null, null, null, 0);
insert into post (Id, UserId, CreateDate, MoodId, Content, EditTime, Flagged, TherapistId, ViewTime, Comment, Deleted) values (161, 22, '2020-06-03T21:07:19Z', 10, 'Mauris sit amet eros. Suspendisse accumsan tortor quis turpis. Sed ante. Vivamus tortor. Duis mattis egestas metus.', null, 0, null, null, null, 0);
insert into post (Id, UserId, CreateDate, MoodId, Content, EditTime, Flagged, TherapistId, ViewTime, Comment, Deleted) values (162, 22, '2020-06-13T17:32:46Z', 57, 'Nam congue, risus semper porta volutpat, quam pede lobortis ligula, sit amet eleifend pede libero quis orci. Nullam molestie nibh in lectus. Pellentesque at nulla. Suspendisse potenti. Cras in purus eu magna vulputate luctus. Cum sociis natoque penatibus et magnis dis parturient montes, nascetur ridiculus mus. Vivamus vestibulum sagittis sapien. Cum sociis natoque penatibus et magnis dis parturient montes, nascetur ridiculus mus. Etiam vel augue. Vestibulum rutrum rutrum neque. Aenean auctor gravida sem. Praesent Id massa Id nisl venenatis lacinia. Aenean sit amet justo.', null, 0, null, null, null, 0);
insert into post (Id, UserId, CreateDate, MoodId, Content, EditTime, Flagged, TherapistId, ViewTime, Comment, Deleted) values (163, 22, '2020-06-28T22:02:23Z', 90, null, null, 0, null, null, null, 0);
insert into post (Id, UserId, CreateDate, MoodId, Content, EditTime, Flagged, TherapistId, ViewTime, Comment, Deleted) values (164, 22, '2020-06-28T22:23:37Z', 58, 'Duis bibendum. Morbi non quam nec dui luctus rutrum. Nulla tellus. In sagittis dui vel nisl. Duis ac nibh. Fusce lacus purus, aliquet at, feugiat non, pretium quis, lectus. Suspendisse potenti. In eleifend quam a odio. In hac habitasse platea dictumst. Maecenas ut massa quis augue luctus tincidunt. Nulla mollis molestie lorem. Quisque ut erat. Curabitur gravida nisi at nibh. In hac habitasse platea dictumst. Aliquam augue quam, sollicitudin vitae, consectetuer eget, rutrum at, lorem. Integer tincidunt ante vel ipsum. Praesent blandit lacinia erat. Vestibulum sed magna at nunc commodo placerat. Praesent blandit. Nam nulla. Integer pede justo, lacinia eget, tincidunt eget, tempus vel, pede. Morbi porttitor lorem Id ligula. Suspendisse ornare consequat lectus. In est risus, auctor sed, tristique in, tempus sit amet, sem.', null, 0, null, null, null, 0);
insert into post (Id, UserId, CreateDate, MoodId, Content, EditTime, Flagged, TherapistId, ViewTime, Comment, Deleted) values (165, 22, '2020-06-07T08:32:45Z', 77, 'Aliquam non mauris. Morbi non lectus. Aliquam sit amet diam in magna bibendum imperdiet. Nullam orci pede, venenatis non, sodales sed, tincidunt eu, felis. Fusce posuere felis sed lacus. Morbi sem mauris, laoreet ut, rhoncus aliquet, pulvinar sed, nisl. Nunc rhoncus dui vel sem. Sed sagittis. Nam congue, risus semper porta volutpat, quam pede lobortis ligula, sit amet eleifend pede libero quis orci. Nullam molestie nibh in lectus. Pellentesque at nulla. Suspendisse potenti. Cras in purus eu magna vulputate luctus. Cum sociis natoque penatibus et magnis dis parturient montes, nascetur ridiculus mus.', null, 0, 2, '2020-06-07T08:32:45Z', 'Praesent Id massa Id nisl venenatis lacinia.', 0);
insert into post (Id, UserId, CreateDate, MoodId, Content, EditTime, Flagged, TherapistId, ViewTime, Comment, Deleted) values (166, 22, '2020-06-02T21:37:40Z', 27, null, null, 0, null, null, null, 0);
insert into post (Id, UserId, CreateDate, MoodId, Content, EditTime, Flagged, TherapistId, ViewTime, Comment, Deleted) values (167, 22, '2020-07-06T01:33:20Z', 7, null, '2020-07-06T01:33:20Z', 0, 2, '2020-07-06T01:33:20Z', 'Duis mattis egestas metus. Aenean fermentum. Donec ut mauris eget massa tempor convallis. Nulla neque libero, convallis eget, eleifend luctus, ultricies eu, nibh. Quisque Id justo sit amet sapien dignissim vestibulum.', 0);
insert into post (Id, UserId, CreateDate, MoodId, Content, EditTime, Flagged, TherapistId, ViewTime, Comment, Deleted) values (168, 22, '2020-06-07T11:29:03Z', 59, 'Aenean sit amet justo. Morbi ut odio. Cras mi pede, malesuada in, imperdiet et, commodo vulputate, justo. In blandit ultrices enim. Lorem ipsum dolor sit amet, consectetuer adipiscing elit. Proin interdum mauris non ligula pellentesque ultrices. Phasellus Id sapien in sapien iaculis congue. Vivamus metus arcu, adipiscing molestie, hendrerit at, vulputate vitae, nisl. Aenean lectus. Pellentesque eget nunc. Donec quis orci eget orci vehicula condimentum. Curabitur in libero ut massa volutpat convallis. Morbi odio odio, elementum eu, interdum eu, tincidunt in, leo.', null, 0, null, null, null, 0);
insert into post (Id, UserId, CreateDate, MoodId, Content, EditTime, Flagged, TherapistId, ViewTime, Comment, Deleted) values (169, 22, '2020-06-24T22:42:05Z', 83, 'Curabitur gravida nisi at nibh. In hac habitasse platea dictumst. Aliquam augue quam, sollicitudin vitae, consectetuer eget, rutrum at, lorem. Integer tincidunt ante vel ipsum. Praesent blandit lacinia erat. Vestibulum sed magna at nunc commodo placerat. Praesent blandit. Nam nulla. Integer pede justo, lacinia eget, tincidunt eget, tempus vel, pede. Morbi porttitor lorem Id ligula. Suspendisse ornare consequat lectus. In est risus, auctor sed, tristique in, tempus sit amet, sem. Fusce consequat. Nulla nisl. Nunc nisl. Duis bibendum, felis sed interdum venenatis, turpis enim blandit mi, in porttitor pede justo eu massa. Donec dapibus. Duis at velit eu est congue elementum. In hac habitasse platea dictumst. Morbi vestibulum, velit Id pretium iaculis, diam erat fermentum justo, nec condimentum neque sapien placerat ante. Nulla justo. Aliquam quis turpis eget elit sodales scelerisque. Mauris sit amet eros. Suspendisse accumsan tortor quis turpis. Sed ante.', null, 0, null, null, null, 0);
insert into post (Id, UserId, CreateDate, MoodId, Content, EditTime, Flagged, TherapistId, ViewTime, Comment, Deleted) values (170, 22, '2020-07-10T15:00:01Z', 87, null, null, 0, 2, '2020-07-10T15:00:01Z', 'Curabitur in libero ut massa volutpat convallis. Morbi odio odio, elementum eu, interdum eu, tincidunt in, leo.', 0);
insert into post (Id, UserId, CreateDate, MoodId, Content, EditTime, Flagged, TherapistId, ViewTime, Comment, Deleted) values (171, 23, '2020-06-22T10:28:38Z', 84, null, null, 0, 3, '2020-06-22T10:28:38Z', 'Morbi ut odio. Cras mi pede, malesuada in, imperdiet et, commodo vulputate, justo. In blandit ultrices enim.', 0);
insert into post (Id, UserId, CreateDate, MoodId, Content, EditTime, Flagged, TherapistId, ViewTime, Comment, Deleted) values (172, 23, '2020-06-29T07:31:27Z', 10, 'Morbi vestibulum, velit Id pretium iaculis, diam erat fermentum justo, nec condimentum neque sapien placerat ante. Nulla justo. Aliquam quis turpis eget elit sodales scelerisque. Mauris sit amet eros. Suspendisse accumsan tortor quis turpis.', '2020-06-29T07:31:27Z', 0, null, null, null, 0);
insert into post (Id, UserId, CreateDate, MoodId, Content, EditTime, Flagged, TherapistId, ViewTime, Comment, Deleted) values (173, 23, '2020-06-26T14:16:58Z', 79, 'Integer non velit. Donec diam neque, vestibulum eget, vulputate ut, ultrices vel, augue. Vestibulum ante ipsum primis in faucibus orci luctus et ultrices posuere cubilia Curae; Donec pharetra, magna vestibulum aliquet ultrices, erat tortor sollicitudin mi, sit amet lobortis sapien sapien non mi. Integer ac neque. Duis bibendum.', null, 0, null, null, null, 0);
insert into post (Id, UserId, CreateDate, MoodId, Content, EditTime, Flagged, TherapistId, ViewTime, Comment, Deleted) values (174, 23, '2020-06-04T03:21:43Z', 4, null, null, 0, null, null, null, 0);
insert into post (Id, UserId, CreateDate, MoodId, Content, EditTime, Flagged, TherapistId, ViewTime, Comment, Deleted) values (175, 23, '2020-06-04T13:42:52Z', 11, null, null, 0, null, null, null, 0);
insert into post (Id, UserId, CreateDate, MoodId, Content, EditTime, Flagged, TherapistId, ViewTime, Comment, Deleted) values (176, 23, '2020-06-12T18:17:35Z', 86, 'Fusce posuere felis sed lacus. Morbi sem mauris, laoreet ut, rhoncus aliquet, pulvinar sed, nisl. Nunc rhoncus dui vel sem. Sed sagittis. Nam congue, risus semper porta volutpat, quam pede lobortis ligula, sit amet eleifend pede libero quis orci. Nullam molestie nibh in lectus. Pellentesque at nulla.', null, 0, null, null, null, 0);
insert into post (Id, UserId, CreateDate, MoodId, Content, EditTime, Flagged, TherapistId, ViewTime, Comment, Deleted) values (177, 23, '2020-07-09T09:29:41Z', 94, 'Phasellus in felis. Donec semper sapien a libero. Nam dui. Proin leo odio, porttitor Id, consequat in, consequat ut, nulla. Sed accumsan felis. Ut at dolor quis odio consequat varius. Integer ac leo. Pellentesque ultrices mattis odio. Donec vitae nisi.', null, 0, null, null, null, 0);
insert into post (Id, UserId, CreateDate, MoodId, Content, EditTime, Flagged, TherapistId, ViewTime, Comment, Deleted) values (178, 23, '2020-06-12T10:53:06Z', 22, 'Duis ac nibh. Fusce lacus purus, aliquet at, feugiat non, pretium quis, lectus. Suspendisse potenti. In eleifend quam a odio. In hac habitasse platea dictumst. Maecenas ut massa quis augue luctus tincidunt. Nulla mollis molestie lorem. Quisque ut erat. Curabitur gravida nisi at nibh. In hac habitasse platea dictumst. Aliquam augue quam, sollicitudin vitae, consectetuer eget, rutrum at, lorem. Integer tincidunt ante vel ipsum. Praesent blandit lacinia erat. Vestibulum sed magna at nunc commodo placerat. Praesent blandit. Nam nulla. Integer pede justo, lacinia eget, tincidunt eget, tempus vel, pede. Morbi porttitor lorem Id ligula. Suspendisse ornare consequat lectus. In est risus, auctor sed, tristique in, tempus sit amet, sem. Fusce consequat. Nulla nisl. Nunc nisl.', null, 0, null, null, null, 0);
insert into post (Id, UserId, CreateDate, MoodId, Content, EditTime, Flagged, TherapistId, ViewTime, Comment, Deleted) values (179, 23, '2020-06-01T23:31:01Z', 21, 'Pellentesque at nulla. Suspendisse potenti. Cras in purus eu magna vulputate luctus. Cum sociis natoque penatibus et magnis dis parturient montes, nascetur ridiculus mus. Vivamus vestibulum sagittis sapien. Cum sociis natoque penatibus et magnis dis parturient montes, nascetur ridiculus mus. Etiam vel augue. Vestibulum rutrum rutrum neque. Aenean auctor gravida sem. Praesent Id massa Id nisl venenatis lacinia. Aenean sit amet justo. Morbi ut odio. Cras mi pede, malesuada in, imperdiet et, commodo vulputate, justo. In blandit ultrices enim. Lorem ipsum dolor sit amet, consectetuer adipiscing elit. Proin interdum mauris non ligula pellentesque ultrices. Phasellus Id sapien in sapien iaculis congue. Vivamus metus arcu, adipiscing molestie, hendrerit at, vulputate vitae, nisl. Aenean lectus. Pellentesque eget nunc. Donec quis orci eget orci vehicula condimentum. Curabitur in libero ut massa volutpat convallis. Morbi odio odio, elementum eu, interdum eu, tincidunt in, leo. Maecenas pulvinar lobortis est.', null, 0, 3, '2020-06-01T23:31:01Z', 'Vestibulum ante ipsum primis in faucibus orci luctus et ultrices posuere cubilia Curae; Duis faucibus accumsan odio. Curabitur convallis.', 0);
insert into post (Id, UserId, CreateDate, MoodId, Content, EditTime, Flagged, TherapistId, ViewTime, Comment, Deleted) values (180, 23, '2020-07-07T20:08:00Z', 17, 'Aenean auctor gravida sem. Praesent Id massa Id nisl venenatis lacinia. Aenean sit amet justo. Morbi ut odio. Cras mi pede, malesuada in, imperdiet et, commodo vulputate, justo. In blandit ultrices enim. Lorem ipsum dolor sit amet, consectetuer adipiscing elit. Proin interdum mauris non ligula pellentesque ultrices. Phasellus Id sapien in sapien iaculis congue. Vivamus metus arcu, adipiscing molestie, hendrerit at, vulputate vitae, nisl. Aenean lectus. Pellentesque eget nunc. Donec quis orci eget orci vehicula condimentum. Curabitur in libero ut massa volutpat convallis. Morbi odio odio, elementum eu, interdum eu, tincidunt in, leo. Maecenas pulvinar lobortis est. Phasellus sit amet erat. Nulla tempus. Vivamus in felis eu sapien cursus vestibulum. Proin eu mi. Nulla ac enim.', '2020-07-07T20:08:00Z', 0, 3, '2020-07-07T20:08:00Z', 'In hac habitasse platea dictumst. Morbi vestibulum, velit Id pretium iaculis, diam erat fermentum justo, nec condimentum neque sapien placerat ante.', 0);
insert into post (Id, UserId, CreateDate, MoodId, Content, EditTime, Flagged, TherapistId, ViewTime, Comment, Deleted) values (181, 24, '2020-07-04T13:13:26Z', 13, 'In hac habitasse platea dictumst. Aliquam augue quam, sollicitudin vitae, consectetuer eget, rutrum at, lorem. Integer tincidunt ante vel ipsum. Praesent blandit lacinia erat. Vestibulum sed magna at nunc commodo placerat. Praesent blandit. Nam nulla. Integer pede justo, lacinia eget, tincidunt eget, tempus vel, pede. Morbi porttitor lorem Id ligula. Suspendisse ornare consequat lectus. In est risus, auctor sed, tristique in, tempus sit amet, sem. Fusce consequat. Nulla nisl.', null, 0, null, null, null, 0);
insert into post (Id, UserId, CreateDate, MoodId, Content, EditTime, Flagged, TherapistId, ViewTime, Comment, Deleted) values (182, 24, '2020-07-08T03:32:35Z', 24, 'Aliquam sit amet diam in magna bibendum imperdiet. Nullam orci pede, venenatis non, sodales sed, tincidunt eu, felis. Fusce posuere felis sed lacus. Morbi sem mauris, laoreet ut, rhoncus aliquet, pulvinar sed, nisl. Nunc rhoncus dui vel sem. Sed sagittis. Nam congue, risus semper porta volutpat, quam pede lobortis ligula, sit amet eleifend pede libero quis orci. Nullam molestie nibh in lectus. Pellentesque at nulla. Suspendisse potenti. Cras in purus eu magna vulputate luctus. Cum sociis natoque penatibus et magnis dis parturient montes, nascetur ridiculus mus. Vivamus vestibulum sagittis sapien. Cum sociis natoque penatibus et magnis dis parturient montes, nascetur ridiculus mus. Etiam vel augue. Vestibulum rutrum rutrum neque. Aenean auctor gravida sem. Praesent Id massa Id nisl venenatis lacinia.', null, 0, 4, '2020-07-08T03:32:35Z', 'Aenean lectus. Pellentesque eget nunc. Donec quis orci eget orci vehicula condimentum. Curabitur in libero ut massa volutpat convallis.', 0);
insert into post (Id, UserId, CreateDate, MoodId, Content, EditTime, Flagged, TherapistId, ViewTime, Comment, Deleted) values (183, 24, '2020-06-13T09:59:11Z', 76, 'Mauris sit amet eros. Suspendisse accumsan tortor quis turpis. Sed ante. Vivamus tortor. Duis mattis egestas metus. Aenean fermentum. Donec ut mauris eget massa tempor convallis. Nulla neque libero, convallis eget, eleifend luctus, ultricies eu, nibh. Quisque Id justo sit amet sapien dignissim vestibulum. Vestibulum ante ipsum primis in faucibus orci luctus et ultrices posuere cubilia Curae; Nulla dapibus dolor vel est. Donec odio justo, sollicitudin ut, suscipit a, feugiat et, eros. Vestibulum ac est lacinia nisi venenatis tristique. Fusce congue, diam Id ornare imperdiet, sapien urna pretium nisl, ut volutpat sapien arcu sed augue. Aliquam erat volutpat. In congue. Etiam justo. Etiam pretium iaculis justo. In hac habitasse platea dictumst. Etiam faucibus cursus urna. Ut tellus. Nulla ut erat Id mauris vulputate elementum. Nullam varius. Nulla facilisi. Cras non velit nec nisi vulputate nonummy.', null, 0, 4, '2020-06-13T09:59:11Z', 'Morbi a ipsum. Integer a nibh.', 0);
insert into post (Id, UserId, CreateDate, MoodId, Content, EditTime, Flagged, TherapistId, ViewTime, Comment, Deleted) values (184, 24, '2020-06-04T02:35:19Z', 83, 'Maecenas ut massa quis augue luctus tincidunt. Nulla mollis molestie lorem. Quisque ut erat. Curabitur gravida nisi at nibh. In hac habitasse platea dictumst. Aliquam augue quam, sollicitudin vitae, consectetuer eget, rutrum at, lorem. Integer tincidunt ante vel ipsum. Praesent blandit lacinia erat. Vestibulum sed magna at nunc commodo placerat. Praesent blandit. Nam nulla. Integer pede justo, lacinia eget, tincidunt eget, tempus vel, pede.', null, 0, null, null, null, 0);
insert into post (Id, UserId, CreateDate, MoodId, Content, EditTime, Flagged, TherapistId, ViewTime, Comment, Deleted) values (185, 24, '2020-07-14T07:09:14Z', 75, 'Nunc nisl. Duis bibendum, felis sed interdum venenatis, turpis enim blandit mi, in porttitor pede justo eu massa. Donec dapibus. Duis at velit eu est congue elementum. In hac habitasse platea dictumst. Morbi vestibulum, velit Id pretium iaculis, diam erat fermentum justo, nec condimentum neque sapien placerat ante. Nulla justo. Aliquam quis turpis eget elit sodales scelerisque. Mauris sit amet eros. Suspendisse accumsan tortor quis turpis. Sed ante.', null, 0, 4, '2020-07-14T07:09:14Z', 'Aenean sit amet justo. Morbi ut odio. Cras mi pede, malesuada in, imperdiet et, commodo vulputate, justo. In blandit ultrices enim.', 0);
insert into post (Id, UserId, CreateDate, MoodId, Content, EditTime, Flagged, TherapistId, ViewTime, Comment, Deleted) values (186, 24, '2020-06-27T19:36:23Z', 74, 'In sagittis dui vel nisl. Duis ac nibh. Fusce lacus purus, aliquet at, feugiat non, pretium quis, lectus. Suspendisse potenti. In eleifend quam a odio. In hac habitasse platea dictumst.', null, 0, null, null, null, 0);
insert into post (Id, UserId, CreateDate, MoodId, Content, EditTime, Flagged, TherapistId, ViewTime, Comment, Deleted) values (187, 24, '2020-06-05T08:04:31Z', 80, 'In hac habitasse platea dictumst. Morbi vestibulum, velit Id pretium iaculis, diam erat fermentum justo, nec condimentum neque sapien placerat ante. Nulla justo. Aliquam quis turpis eget elit sodales scelerisque. Mauris sit amet eros. Suspendisse accumsan tortor quis turpis. Sed ante. Vivamus tortor. Duis mattis egestas metus. Aenean fermentum. Donec ut mauris eget massa tempor convallis. Nulla neque libero, convallis eget, eleifend luctus, ultricies eu, nibh. Quisque Id justo sit amet sapien dignissim vestibulum. Vestibulum ante ipsum primis in faucibus orci luctus et ultrices posuere cubilia Curae; Nulla dapibus dolor vel est. Donec odio justo, sollicitudin ut, suscipit a, feugiat et, eros. Vestibulum ac est lacinia nisi venenatis tristique. Fusce congue, diam Id ornare imperdiet, sapien urna pretium nisl, ut volutpat sapien arcu sed augue. Aliquam erat volutpat. In congue. Etiam justo. Etiam pretium iaculis justo.', null, 0, 4, '2020-06-05T08:04:31Z', 'Proin leo odio, porttitor Id, consequat in, consequat ut, nulla. Sed accumsan felis. Ut at dolor quis odio consequat varius. Integer ac leo.', 0);
insert into post (Id, UserId, CreateDate, MoodId, Content, EditTime, Flagged, TherapistId, ViewTime, Comment, Deleted) values (188, 24, '2020-06-22T00:24:17Z', 94, 'In blandit ultrices enim. Lorem ipsum dolor sit amet, consectetuer adipiscing elit. Proin interdum mauris non ligula pellentesque ultrices. Phasellus Id sapien in sapien iaculis congue. Vivamus metus arcu, adipiscing molestie, hendrerit at, vulputate vitae, nisl. Aenean lectus. Pellentesque eget nunc. Donec quis orci eget orci vehicula condimentum. Curabitur in libero ut massa volutpat convallis. Morbi odio odio, elementum eu, interdum eu, tincidunt in, leo. Maecenas pulvinar lobortis est. Phasellus sit amet erat. Nulla tempus. Vivamus in felis eu sapien cursus vestibulum. Proin eu mi. Nulla ac enim. In tempor, turpis nec euismod scelerisque, quam turpis adipiscing lorem, vitae mattis nibh ligula nec sem. Duis aliquam convallis nunc.', null, 0, null, null, null, 0);
insert into post (Id, UserId, CreateDate, MoodId, Content, EditTime, Flagged, TherapistId, ViewTime, Comment, Deleted) values (189, 24, '2020-07-11T19:12:10Z', 22, 'Morbi non quam nec dui luctus rutrum. Nulla tellus. In sagittis dui vel nisl. Duis ac nibh. Fusce lacus purus, aliquet at, feugiat non, pretium quis, lectus. Suspendisse potenti. In eleifend quam a odio. In hac habitasse platea dictumst. Maecenas ut massa quis augue luctus tincidunt. Nulla mollis molestie lorem. Quisque ut erat. Curabitur gravida nisi at nibh. In hac habitasse platea dictumst. Aliquam augue quam, sollicitudin vitae, consectetuer eget, rutrum at, lorem. Integer tincidunt ante vel ipsum. Praesent blandit lacinia erat. Vestibulum sed magna at nunc commodo placerat. Praesent blandit. Nam nulla. Integer pede justo, lacinia eget, tincidunt eget, tempus vel, pede. Morbi porttitor lorem Id ligula. Suspendisse ornare consequat lectus. In est risus, auctor sed, tristique in, tempus sit amet, sem.', null, 0, null, null, null, 0);
insert into post (Id, UserId, CreateDate, MoodId, Content, EditTime, Flagged, TherapistId, ViewTime, Comment, Deleted) values (190, 24, '2020-07-17T01:38:09Z', 76, null, null, 0, 4, '2020-07-17T01:38:09Z', 'Suspendisse ornare consequat lectus. In est risus, auctor sed, tristique in, tempus sit amet, sem. Fusce consequat. Nulla nisl. Nunc nisl.', 0);
insert into post (Id, UserId, CreateDate, MoodId, Content, EditTime, Flagged, TherapistId, ViewTime, Comment, Deleted) values (191, 25, '2020-06-10T18:28:12Z', 89, 'Lorem ipsum dolor sit amet, consectetuer adipiscing elit. Proin risus. Praesent lectus. Vestibulum quam sapien, varius ut, blandit non, interdum in, ante. Vestibulum ante ipsum primis in faucibus orci luctus et ultrices posuere cubilia Curae; Duis faucibus accumsan odio. Curabitur convallis. Duis consequat dui nec nisi volutpat eleifend. Donec ut dolor. Morbi vel lectus in quam fringilla rhoncus. Mauris enim leo, rhoncus sed, vestibulum sit amet, cursus Id, turpis. Integer aliquet, massa Id lobortis convallis, tortor risus dapibus augue, vel accumsan tellus nisi eu orci. Mauris lacinia sapien quis libero. Nullam sit amet turpis elementum ligula vehicula consequat. Morbi a ipsum. Integer a nibh.', null, 0, 5, '2020-06-10T18:28:12Z', 'In hac habitasse platea dictumst. Aliquam augue quam, sollicitudin vitae, consectetuer eget, rutrum at, lorem.', 0);
insert into post (Id, UserId, CreateDate, MoodId, Content, EditTime, Flagged, TherapistId, ViewTime, Comment, Deleted) values (192, 25, '2020-06-23T20:51:28Z', 88, 'In hac habitasse platea dictumst. Morbi vestibulum, velit Id pretium iaculis, diam erat fermentum justo, nec condimentum neque sapien placerat ante. Nulla justo. Aliquam quis turpis eget elit sodales scelerisque. Mauris sit amet eros. Suspendisse accumsan tortor quis turpis. Sed ante.', '2020-06-23T20:51:28Z', 0, 5, '2020-06-23T20:51:28Z', 'Quisque ut erat. Curabitur gravida nisi at nibh. In hac habitasse platea dictumst. Aliquam augue quam, sollicitudin vitae, consectetuer eget, rutrum at, lorem.', 0);
insert into post (Id, UserId, CreateDate, MoodId, Content, EditTime, Flagged, TherapistId, ViewTime, Comment, Deleted) values (193, 25, '2020-07-08T14:19:51Z', 7, 'Nullam molestie nibh in lectus. Pellentesque at nulla. Suspendisse potenti. Cras in purus eu magna vulputate luctus. Cum sociis natoque penatibus et magnis dis parturient montes, nascetur ridiculus mus. Vivamus vestibulum sagittis sapien. Cum sociis natoque penatibus et magnis dis parturient montes, nascetur ridiculus mus. Etiam vel augue. Vestibulum rutrum rutrum neque. Aenean auctor gravida sem. Praesent Id massa Id nisl venenatis lacinia. Aenean sit amet justo. Morbi ut odio. Cras mi pede, malesuada in, imperdiet et, commodo vulputate, justo. In blandit ultrices enim. Lorem ipsum dolor sit amet, consectetuer adipiscing elit. Proin interdum mauris non ligula pellentesque ultrices. Phasellus Id sapien in sapien iaculis congue. Vivamus metus arcu, adipiscing molestie, hendrerit at, vulputate vitae, nisl. Aenean lectus. Pellentesque eget nunc. Donec quis orci eget orci vehicula condimentum. Curabitur in libero ut massa volutpat convallis. Morbi odio odio, elementum eu, interdum eu, tincidunt in, leo.', null, 0, null, null, null, 0);
insert into post (Id, UserId, CreateDate, MoodId, Content, EditTime, Flagged, TherapistId, ViewTime, Comment, Deleted) values (194, 25, '2020-06-06T05:26:36Z', 67, 'Vestibulum ante ipsum primis in faucibus orci luctus et ultrices posuere cubilia Curae; Nulla dapibus dolor vel est. Donec odio justo, sollicitudin ut, suscipit a, feugiat et, eros. Vestibulum ac est lacinia nisi venenatis tristique. Fusce congue, diam Id ornare imperdiet, sapien urna pretium nisl, ut volutpat sapien arcu sed augue. Aliquam erat volutpat.', null, 0, 5, '2020-06-06T05:26:36Z', 'Duis aliquam convallis nunc.', 0);
insert into post (Id, UserId, CreateDate, MoodId, Content, EditTime, Flagged, TherapistId, ViewTime, Comment, Deleted) values (195, 25, '2020-07-05T15:28:16Z', 85, 'Cras pellentesque volutpat dui. Maecenas tristique, est et tempus semper, est quam pharetra magna, ac consequat metus sapien ut nunc. Vestibulum ante ipsum primis in faucibus orci luctus et ultrices posuere cubilia Curae; Mauris viverra diam vitae quam. Suspendisse potenti. Nullam porttitor lacus at turpis. Donec posuere metus vitae ipsum. Aliquam non mauris. Morbi non lectus. Aliquam sit amet diam in magna bibendum imperdiet. Nullam orci pede, venenatis non, sodales sed, tincidunt eu, felis. Fusce posuere felis sed lacus. Morbi sem mauris, laoreet ut, rhoncus aliquet, pulvinar sed, nisl. Nunc rhoncus dui vel sem. Sed sagittis. Nam congue, risus semper porta volutpat, quam pede lobortis ligula, sit amet eleifend pede libero quis orci. Nullam molestie nibh in lectus. Pellentesque at nulla. Suspendisse potenti. Cras in purus eu magna vulputate luctus. Cum sociis natoque penatibus et magnis dis parturient montes, nascetur ridiculus mus. Vivamus vestibulum sagittis sapien.', null, 0, null, null, null, 0);
insert into post (Id, UserId, CreateDate, MoodId, Content, EditTime, Flagged, TherapistId, ViewTime, Comment, Deleted) values (196, 25, '2020-07-15T23:20:29Z', 61, 'Suspendisse potenti. In eleifend quam a odio. In hac habitasse platea dictumst. Maecenas ut massa quis augue luctus tincidunt. Nulla mollis molestie lorem. Quisque ut erat. Curabitur gravida nisi at nibh. In hac habitasse platea dictumst. Aliquam augue quam, sollicitudin vitae, consectetuer eget, rutrum at, lorem. Integer tincidunt ante vel ipsum. Praesent blandit lacinia erat. Vestibulum sed magna at nunc commodo placerat. Praesent blandit. Nam nulla. Integer pede justo, lacinia eget, tincidunt eget, tempus vel, pede. Morbi porttitor lorem Id ligula. Suspendisse ornare consequat lectus. In est risus, auctor sed, tristique in, tempus sit amet, sem. Fusce consequat. Nulla nisl. Nunc nisl. Duis bibendum, felis sed interdum venenatis, turpis enim blandit mi, in porttitor pede justo eu massa. Donec dapibus.', null, 0, null, null, null, 0);
insert into post (Id, UserId, CreateDate, MoodId, Content, EditTime, Flagged, TherapistId, ViewTime, Comment, Deleted) values (197, 25, '2020-06-19T12:22:28Z', 43, 'Etiam pretium iaculis justo. In hac habitasse platea dictumst. Etiam faucibus cursus urna. Ut tellus. Nulla ut erat Id mauris vulputate elementum. Nullam varius. Nulla facilisi. Cras non velit nec nisi vulputate nonummy. Maecenas tincidunt lacus at velit. Vivamus vel nulla eget eros elementum pellentesque. Quisque porta volutpat erat. Quisque erat eros, viverra eget, congue eget, semper rutrum, nulla. Nunc purus. Phasellus in felis. Donec semper sapien a libero. Nam dui. Proin leo odio, porttitor Id, consequat in, consequat ut, nulla. Sed accumsan felis. Ut at dolor quis odio consequat varius. Integer ac leo. Pellentesque ultrices mattis odio. Donec vitae nisi. Nam ultrices, libero non mattis pulvinar, nulla pede ullamcorper augue, a suscipit nulla elit ac nulla. Sed vel enim sit amet nunc viverra dapibus.', '2020-06-19T12:22:28Z', 0, null, null, null, 0);
insert into post (Id, UserId, CreateDate, MoodId, Content, EditTime, Flagged, TherapistId, ViewTime, Comment, Deleted) values (198, 25, '2020-06-11T21:52:34Z', 86, 'Nulla tempus. Vivamus in felis eu sapien cursus vestibulum. Proin eu mi. Nulla ac enim. In tempor, turpis nec euismod scelerisque, quam turpis adipiscing lorem, vitae mattis nibh ligula nec sem.', null, 0, 5, '2020-06-11T21:52:34Z', 'Suspendisse potenti. Cras in purus eu magna vulputate luctus. Cum sociis natoque penatibus et magnis dis parturient montes, nascetur ridiculus mus.', 0);
insert into post (Id, UserId, CreateDate, MoodId, Content, EditTime, Flagged, TherapistId, ViewTime, Comment, Deleted) values (199, 25, '2020-06-21T13:26:01Z', 82, 'In quis justo. Maecenas rhoncus aliquam lacus. Morbi quis tortor Id nulla ultrices aliquet. Maecenas leo odio, condimentum Id, luctus nec, molestie sed, justo. Pellentesque viverra pede ac diam. Cras pellentesque volutpat dui. Maecenas tristique, est et tempus semper, est quam pharetra magna, ac consequat metus sapien ut nunc. Vestibulum ante ipsum primis in faucibus orci luctus et ultrices posuere cubilia Curae; Mauris viverra diam vitae quam. Suspendisse potenti. Nullam porttitor lacus at turpis. Donec posuere metus vitae ipsum. Aliquam non mauris. Morbi non lectus. Aliquam sit amet diam in magna bibendum imperdiet. Nullam orci pede, venenatis non, sodales sed, tincidunt eu, felis. Fusce posuere felis sed lacus. Morbi sem mauris, laoreet ut, rhoncus aliquet, pulvinar sed, nisl. Nunc rhoncus dui vel sem. Sed sagittis. Nam congue, risus semper porta volutpat, quam pede lobortis ligula, sit amet eleifend pede libero quis orci.', null, 0, 5, '2020-06-21T13:26:01Z', 'Nullam porttitor lacus at turpis.', 0);
insert into post (Id, UserId, CreateDate, MoodId, Content, EditTime, Flagged, TherapistId, ViewTime, Comment, Deleted) values (200, 25, '2020-07-11T15:57:09Z', 71, null, null, 0, 5, '2020-07-11T15:57:09Z', 'In hac habitasse platea dictumst. Aliquam augue quam, sollicitudin vitae, consectetuer eget, rutrum at, lorem. Integer tincidunt ante vel ipsum.', 0);

SET IDENTITY_INSERT [Post] OFF

--add some Flagged and Deleted posts
UPDATE post SET Flagged = 1 WHERE Id = 3;
UPDATE post SET Flagged = 1 WHERE Id = 10;
UPDATE post SET Flagged = 1 WHERE Id = 12;
UPDATE post SET Flagged = 1 WHERE Id = 20;
UPDATE post SET Flagged = 1 WHERE Id = 78;
UPDATE post SET Flagged = 1 WHERE Id = 98;
UPDATE post SET Flagged = 1 WHERE Id = 103;
UPDATE post SET Flagged = 1 WHERE Id = 125;
UPDATE post SET Flagged = 1 WHERE Id = 150;
UPDATE post SET Flagged = 1 WHERE Id = 199;

UPDATE post SET Deleted = 1 WHERE Id = 4;
UPDATE post SET Deleted = 1 WHERE Id = 23;
UPDATE post SET Deleted = 1 WHERE Id = 57;
UPDATE post SET Deleted = 1 WHERE Id = 32;
UPDATE post SET Deleted = 1 WHERE Id = 9;
UPDATE post SET Deleted = 1 WHERE Id = 189;
UPDATE post SET Deleted = 1 WHERE Id = 183;
UPDATE post SET Deleted = 1 WHERE Id = 137;
UPDATE post SET Deleted = 1 WHERE Id = 139;
UPDATE post SET Deleted = 1 WHERE Id = 100;
UPDATE post SET Deleted = 1 WHERE Id = 78;
UPDATE post SET Deleted = 1 WHERE Id = 56;
UPDATE post SET Deleted = 1 WHERE Id = 100;
UPDATE post SET Deleted = 1 WHERE Id = 123;